customer_id,coupon_id,category
464,606,Sport
464,606,Women
464,606,Men
464,310,Sport
464,310,Men
464,310,Women
464,1045,Men
464,1045,Sport
464,1045,Women
464,745,Women
464,745,Men
464,669,Women
464,669,Men
464,669,Sport
464,758,Women
464,758,Men
464,758,Sport
464,724,Women
464,724,Sport
464,724,Men
464,901,Men
464,901,Women
464,901,Sport
464,1039,Women
464,1039,Men
464,403,Men
464,403,Women
464,403,Sport
464,670,Sport
464,670,Men
464,670,Women
464,614,Women
464,614,Men
464,614,Sport
464,695,Sport
464,695,Men
464,695,Women
464,279,Women
464,279,Sport
464,279,Men
464,1099,Men
464,1099,Sport
464,1099,Women
464,366,Women
464,366,Men
464,366,Sport
464,1043,Men
464,1043,Sport
464,1043,Women
464,394,Women
464,394,Sport
464,1091,Men
464,1091,Women
464,1091,Sport
464,828,Women
464,828,Sport
464,671,Men
464,671,Sport
464,671,Women
464,1029,Sport
464,1029,Men
464,400,Women
464,400,Sport
464,355,Men
464,355,Sport
464,355,Women
464,864,Sport
464,864,Women
464,864,Men
464,689,Men
464,689,Women
464,689,Sport
464,665,Women
464,665,Sport
464,665,Men
464,679,Women
464,679,Sport
464,263,Sport
464,263,Women
464,263,Men
464,658,Sport
464,658,Women
464,658,Men
464,795,Men
464,795,Sport
464,795,Women
464,318,Women
464,318,Sport
464,318,Men
464,1068,Men
464,822,Men
464,822,Sport
464,822,Women
464,718,Men
464,718,Sport
464,718,Women
464,354,Women
464,354,Sport
464,354,Men
464,668,Men
464,668,Sport
464,668,Women
464,309,Sport
464,309,Men
464,309,Women
464,1004,Sport
464,1004,Men
464,1004,Women
464,264,Sport
464,264,Women
464,264,Men
464,826,Sport
464,431,Men
464,431,Women
464,431,Sport
464,678,Sport
464,678,Women
464,678,Men
464,1095,Men
464,1095,Sport
464,1095,Women
464,393,Women
464,393,Sport
464,1076,Men
464,1076,Women
464,1076,Sport
464,395,Women
464,395,Sport
464,395,Men
464,422,Men
464,422,Women
464,422,Sport
464,726,Men
464,726,Women
464,726,Sport
464,1092,Men
464,1092,Women
464,1092,Sport
464,1100,Sport
464,1100,Women
464,324,Men
464,324,Sport
464,324,Women
464,996,Women
464,996,Men
464,1096,Men
464,1096,Sport
464,1096,Women
464,472,Sport
464,472,Men
464,472,Women
464,971,Women
464,971,Men
464,971,Sport
464,839,Women
464,839,Sport
464,397,Women
464,397,Sport
464,397,Men
464,968,Women
464,968,Men
464,934,Women
464,934,Sport
464,893,Men
464,1090,Sport
464,1090,Men
464,1090,Women
464,1089,Men
464,1089,Sport
464,1089,Women
464,955,Men
464,955,Women
464,360,Sport
464,360,Men
464,360,Women
464,510,Men
464,510,Women
464,510,Sport
464,389,Women
464,389,Sport
464,389,Men
464,823,Sport
464,823,Men
464,910,Men
464,910,Sport
464,910,Women
464,732,Men
464,732,Women
464,511,Sport
464,511,Women
464,511,Men
464,704,Men
464,704,Women
464,704,Sport
464,913,Men
464,913,Women
464,913,Sport
464,449,Sport
464,449,Men
464,449,Women
464,1097,Men
464,1097,Women
464,1097,Sport
464,552,Women
464,552,Sport
464,552,Men
464,722,Sport
464,722,Women
464,722,Men
464,728,Sport
464,728,Women
464,728,Men
464,965,Sport
464,404,Men
464,404,Women
464,404,Sport
464,837,Sport
464,837,Women
464,837,Men
464,571,Women
464,832,Men
464,832,Women
464,663,Women
464,663,Men
464,148,Men
464,148,Sport
464,148,Women
464,825,Men
464,825,Sport
464,825,Women
464,405,Men
464,405,Women
464,405,Sport
464,313,Sport
464,313,Women
464,313,Men
464,474,Women
464,474,Sport
464,605,Women
464,605,Men
464,605,Sport
464,399,Women
464,399,Sport
464,399,Men
464,771,Women
464,771,Sport
464,586,Women
464,586,Men
464,586,Sport
464,372,Women
464,372,Men
464,332,Sport
464,332,Women
464,332,Men
464,829,Women
464,280,Men
464,280,Sport
464,336,Men
464,336,Sport
464,412,Women
464,412,Men
464,506,Women
464,506,Men
464,506,Sport
464,374,Men
464,374,Women
464,944,Men
464,1098,Men
464,1098,Women
464,1098,Sport
464,455,Men
464,455,Women
464,455,Sport
464,783,Men
464,783,Sport
464,783,Women
464,398,Women
464,398,Sport
464,398,Men
464,301,Women
464,301,Sport
464,301,Men
464,384,Women
464,384,Sport
464,384,Men
464,163,Men
464,163,Women
464,163,Sport
464,967,Women
464,465,Women
464,465,Sport
464,465,Men
464,297,Men
464,297,Women
464,297,Sport
464,402,Women
464,402,Sport
464,1082,Men
464,1082,Women
464,1082,Sport
464,15,Women
464,308,Men
464,385,Women
464,385,Sport
464,385,Men
464,742,Women
464,742,Men
464,742,Sport
464,980,Women
464,980,Sport
464,980,Men
464,1088,Men
464,1088,Sport
464,1088,Women
464,576,Women
464,349,Men
464,349,Women
464,349,Sport
464,662,Women
464,662,Sport
464,662,Men
464,949,Sport
464,949,Men
464,949,Women
464,106,Women
464,106,Men
464,106,Sport
464,716,Women
464,716,Men
464,716,Sport
464,321,Sport
464,321,Women
464,321,Men
464,824,Sport
464,824,Men
464,824,Women
464,945,Women
464,945,Sport
464,945,Men
464,357,Women
464,357,Sport
464,357,Men
464,766,Men
464,836,Sport
464,836,Women
464,836,Men
464,671,Men
464,671,Sport
464,671,Women
464,835,Men
464,997,Women
464,997,Men
464,997,Sport
464,981,Sport
464,981,Men
464,981,Women
464,1105,Sport
464,876,Sport
464,876,Women
464,876,Men
464,1015,Women
464,1015,Men
464,1015,Sport
464,401,Women
464,401,Sport
464,401,Men
464,486,Women
464,827,Sport
464,830,Women
464,838,Men
464,838,Women
464,838,Sport
464,584,Men
464,584,Women
464,584,Sport
464,468,Women
464,468,Men
464,468,Sport
464,673,Women
464,673,Sport
464,26,Men
464,26,Sport
464,1012,Women
464,1012,Men
464,831,Men
464,831,Women
464,136,Women
464,136,Sport
464,136,Men
464,1044,Women
464,1044,Sport
464,579,Women
464,579,Men
464,759,Sport
464,759,Women
464,457,Men
464,457,Sport
464,457,Women
1387,466,Sport
1387,466,Boys
1387,466,Men
1387,407,Men
1387,407,Boys
1387,407,Sport
1387,59,Men
1387,59,Sport
1387,59,Boys
1387,378,Sport
1387,378,Men
1387,961,Men
1387,961,Sport
1387,403,Men
1387,403,Boys
1387,403,Sport
1387,459,Sport
1387,459,Boys
1387,459,Men
1387,639,Boys
1387,155,Men
1387,155,Boys
1387,748,Sport
1387,748,Boys
1387,871,Men
1387,871,Boys
1387,643,Sport
1387,643,Men
1387,1041,Sport
1387,108,Boys
1387,108,Sport
1387,108,Men
1387,806,Men
1387,806,Boys
1387,806,Sport
1387,1046,Men
1387,523,Men
1387,822,Men
1387,822,Boys
1387,822,Sport
1387,161,Men
1387,161,Sport
1387,161,Boys
1387,441,Boys
1387,441,Sport
1387,441,Men
1387,400,Sport
1387,400,Boys
1387,772,Men
1387,772,Boys
1387,510,Men
1387,510,Sport
1387,510,Boys
1387,115,Sport
1387,631,Boys
1387,631,Men
1387,332,Sport
1387,332,Boys
1387,332,Men
1387,790,Sport
1387,790,Men
1387,372,Men
1387,372,Boys
1387,733,Boys
1387,733,Sport
1387,733,Men
1387,572,Men
1387,572,Sport
1387,705,Men
1387,705,Sport
1387,705,Boys
1387,1073,Men
1387,754,Men
1387,754,Sport
1387,754,Boys
1387,2,Men
1387,470,Sport
1387,671,Men
1387,671,Sport
1387,671,Boys
1387,587,Men
1387,587,Boys
1387,587,Sport
1387,819,Men
1387,819,Sport
1387,819,Boys
1387,394,Sport
1387,1026,Men
1387,1026,Sport
1387,1026,Boys
1387,1002,Sport
1387,1002,Men
1387,1002,Boys
1387,1076,Men
1387,1076,Sport
1387,153,Men
1387,1092,Men
1387,1092,Boys
1387,1092,Sport
1387,552,Sport
1387,552,Men
1387,904,Men
1387,923,Men
1387,923,Boys
1387,292,Men
1387,288,Men
1387,288,Boys
1387,722,Sport
1387,722,Boys
1387,722,Men
1387,1112,Sport
1387,1112,Men
1387,581,Men
1387,581,Sport
1387,581,Boys
1387,718,Men
1387,718,Sport
1387,718,Boys
1387,442,Boys
1387,442,Sport
1387,442,Men
1387,312,Sport
1387,312,Men
1387,312,Boys
1387,529,Men
1387,529,Sport
1387,529,Boys
1387,405,Men
1387,405,Boys
1387,405,Sport
1387,695,Sport
1387,695,Men
1387,695,Boys
1387,109,Sport
1387,109,Men
1387,525,Men
1387,525,Boys
1387,1061,Men
1387,851,Sport
1387,851,Boys
1387,851,Men
1387,562,Men
1387,562,Sport
1387,562,Boys
1387,728,Sport
1387,728,Men
1387,428,Men
1387,428,Sport
1387,825,Men
1387,825,Boys
1387,825,Sport
1387,993,Boys
1387,993,Men
1387,993,Sport
1387,1021,Sport
1387,1021,Men
1387,1021,Boys
1387,133,Men
1387,398,Boys
1387,398,Sport
1387,398,Men
1387,1075,Sport
1387,1075,Men
1387,1075,Boys
1387,1062,Men
1387,1062,Sport
1387,1062,Boys
1387,433,Men
1387,316,Men
1387,316,Boys
1387,316,Sport
1387,464,Sport
1387,402,Sport
1387,402,Boys
1387,674,Sport
1387,674,Men
1387,674,Boys
1387,492,Men
1387,492,Sport
1387,492,Boys
1387,672,Men
1387,672,Boys
1387,672,Sport
1387,634,Boys
1387,1097,Men
1387,1097,Sport
1387,1097,Boys
1387,85,Sport
1387,85,Men
1387,358,Men
1387,358,Boys
1387,358,Sport
1387,1096,Men
1387,1096,Boys
1387,1096,Sport
1387,322,Men
1387,1051,Sport
1387,1051,Men
1387,1051,Boys
1387,778,Sport
1387,341,Boys
1387,341,Men
1387,942,Men
1387,942,Sport
1387,446,Men
1387,446,Sport
1387,418,Men
1387,418,Sport
1387,418,Boys
1387,889,Men
1387,889,Boys
1387,889,Sport
1387,1017,Men
1387,1017,Sport
1387,1017,Boys
1387,1089,Men
1387,1089,Sport
1387,1089,Boys
1387,853,Men
1387,853,Sport
1387,853,Boys
1387,1059,Boys
1387,1059,Men
1387,1059,Sport
1387,681,Men
1387,681,Sport
1387,681,Boys
1387,45,Sport
1387,45,Men
1387,45,Boys
1387,1063,Men
1387,1063,Sport
1387,1063,Boys
1387,818,Boys
1387,818,Men
1387,818,Sport
1387,318,Sport
1387,318,Men
1387,318,Boys
1387,977,Men
1387,977,Sport
1387,977,Boys
1387,604,Sport
1387,604,Men
1387,604,Boys
1387,990,Sport
1387,990,Men
1387,474,Sport
1387,268,Sport
1387,268,Men
1387,1006,Men
1387,1006,Sport
1387,1006,Boys
1387,783,Men
1387,783,Sport
1387,783,Boys
1387,650,Sport
1387,650,Men
1387,1098,Men
1387,1098,Sport
1387,1098,Boys
1387,92,Men
1387,162,Boys
1387,162,Men
1387,162,Sport
1387,496,Sport
1387,496,Boys
1387,496,Men
1387,1088,Men
1387,1088,Sport
1387,1088,Boys
1387,610,Boys
1387,610,Men
1387,610,Sport
1387,1091,Men
1387,1091,Boys
1387,1091,Sport
1387,724,Boys
1387,724,Sport
1387,724,Men
1387,1029,Boys
1387,1029,Sport
1387,1029,Men
1387,716,Men
1387,716,Sport
1387,622,Boys
1387,622,Men
1387,622,Sport
1387,524,Men
1387,524,Sport
1387,524,Boys
1387,391,Sport
1387,391,Men
1387,391,Boys
1387,476,Boys
1387,476,Sport
1387,476,Men
1387,494,Men
1387,494,Sport
1387,494,Boys
1387,568,Men
1387,568,Sport
1387,568,Boys
1387,436,Sport
1387,436,Men
1387,586,Men
1387,586,Sport
1387,586,Boys
1387,743,Sport
1387,743,Men
1387,951,Sport
1387,745,Men
1387,399,Boys
1387,399,Sport
1387,399,Men
1387,72,Sport
1387,72,Men
1387,526,Sport
1387,526,Men
1387,526,Boys
1387,920,Boys
1387,847,Men
1387,847,Sport
1387,847,Boys
1387,750,Men
1387,750,Sport
1387,315,Men
1387,315,Sport
1387,107,Men
1387,107,Sport
1387,107,Boys
1387,661,Men
1387,661,Sport
1387,661,Boys
1387,649,Men
1387,676,Sport
1387,676,Men
1387,676,Boys
1387,1070,Sport
1387,1070,Men
1387,1070,Boys
1387,928,Sport
1387,928,Boys
1387,393,Sport
1387,864,Sport
1387,864,Men
1387,864,Boys
1387,919,Boys
1387,702,Sport
1387,702,Men
1387,480,Sport
1387,585,Men
1387,585,Sport
1387,585,Boys
1387,726,Men
1387,726,Boys
1387,726,Sport
1387,1095,Men
1387,1095,Boys
1387,1095,Sport
1387,534,Sport
1387,534,Men
1029,985,Women
1029,985,Sport
1029,985,Men
1029,852,Sport
1029,852,Women
1029,852,Men
1029,748,Women
1029,748,Sport
1029,1045,Men
1029,1045,Sport
1029,1045,Women
1029,679,Women
1029,679,Sport
1029,790,Sport
1029,790,Women
1029,790,Men
1029,47,Women
1029,945,Women
1029,945,Sport
1029,945,Men
1029,613,Women
1029,613,Sport
1029,582,Women
1029,582,Sport
1029,1020,Men
1029,1020,Sport
1029,1020,Women
1029,325,Men
1029,325,Women
1029,325,Sport
1029,1035,Women
1029,1035,Sport
1029,1035,Men
1029,319,Women
1029,319,Men
1029,319,Sport
1029,1040,Women
1029,1040,Sport
1029,948,Sport
1029,1081,Men
1029,1081,Women
1029,1081,Sport
1029,964,Men
1029,964,Sport
1029,964,Women
1029,265,Men
1029,265,Sport
1029,265,Women
1029,581,Women
1029,581,Men
1029,581,Sport
1029,306,Men
1029,306,Women
1029,306,Sport
1029,1114,Women
1029,383,Women
1029,383,Sport
1029,383,Men
1029,9,Sport
1029,9,Men
1029,9,Women
1029,21,Women
1029,21,Sport
1029,21,Men
1029,601,Men
1029,601,Women
1029,601,Sport
1029,426,Men
1029,784,Women
1029,621,Women
1029,621,Sport
1029,284,Women
1029,284,Sport
1029,284,Men
1029,249,Women
1029,249,Men
1029,249,Sport
1029,891,Women
1029,891,Sport
1029,303,Women
1029,303,Sport
1029,445,Sport
1029,445,Men
1029,445,Women
1029,808,Women
1029,808,Men
1029,808,Sport
1029,162,Men
1029,162,Sport
1029,162,Women
1029,10,Sport
1029,10,Men
1029,752,Women
1029,783,Men
1029,783,Sport
1029,783,Women
1029,855,Women
1029,855,Men
1029,855,Sport
1029,982,Men
1029,982,Sport
1029,982,Women
1029,972,Sport
1029,972,Men
1029,972,Women
1029,619,Men
1029,619,Sport
1029,619,Women
1029,896,Sport
1029,896,Women
1029,896,Men
1029,975,Men
1029,975,Women
1029,975,Sport
1029,56,Women
1029,56,Men
1029,56,Sport
1029,1100,Sport
1029,1100,Women
1029,723,Men
1029,723,Sport
1029,723,Women
1029,381,Men
1029,381,Women
1029,381,Sport
1029,478,Women
1029,478,Sport
1029,787,Women
1029,787,Sport
1029,787,Men
1029,868,Men
1029,868,Sport
1029,868,Women
1029,916,Sport
1029,916,Men
1029,916,Women
1029,674,Sport
1029,674,Men
1029,674,Women
1029,900,Men
1029,900,Women
1029,900,Sport
1029,429,Sport
1029,429,Men
1029,429,Women
1029,750,Men
1029,750,Sport
1029,750,Women
1029,1108,Men
1029,1108,Women
1029,1070,Sport
1029,1070,Women
1029,1070,Men
1029,326,Women
1029,326,Sport
1029,326,Men
1029,243,Women
1029,243,Men
1029,243,Sport
1029,759,Sport
1029,759,Women
1029,1073,Women
1029,1073,Men
1029,3,Women
1029,3,Sport
1029,3,Men
1029,715,Women
1029,715,Men
1029,715,Sport
1029,57,Women
1029,57,Men
1029,57,Sport
1029,66,Men
1029,66,Sport
1029,66,Women
1029,418,Men
1029,418,Sport
1029,418,Women
1029,547,Women
1029,547,Men
1029,547,Sport
1029,696,Women
1029,696,Sport
1029,696,Men
1029,785,Sport
1029,785,Women
1029,785,Men
1029,308,Men
1029,643,Sport
1029,643,Women
1029,643,Men
1029,61,Men
1029,61,Sport
1029,61,Women
1029,800,Sport
1029,800,Women
1029,800,Men
1029,754,Men
1029,754,Sport
1029,754,Women
1029,88,Men
1029,88,Women
1029,407,Men
1029,407,Sport
1029,692,Women
1029,692,Men
1029,692,Sport
1029,1059,Women
1029,1059,Men
1029,1059,Sport
1029,884,Women
1029,884,Men
1029,884,Sport
1029,360,Sport
1029,360,Men
1029,360,Women
1029,448,Men
1029,448,Sport
1029,448,Women
1029,1074,Men
1029,1074,Women
1029,892,Sport
1029,892,Women
1029,892,Men
1029,1046,Men
1029,1046,Women
1029,813,Men
1029,813,Women
1029,813,Sport
1029,416,Sport
1029,416,Women
1029,416,Men
1029,92,Men
1029,92,Women
1029,424,Men
1029,654,Men
1029,654,Women
1029,654,Sport
1029,849,Women
1029,597,Sport
1029,597,Men
1029,597,Women
1029,951,Sport
1029,951,Women
1029,797,Men
1029,797,Women
1029,797,Sport
1029,318,Women
1029,318,Sport
1029,318,Men
1029,55,Women
1029,55,Sport
1029,55,Men
1029,166,Men
1029,166,Women
1029,166,Sport
1029,1031,Sport
1029,1031,Women
1029,1031,Men
1029,538,Women
1029,538,Men
1029,443,Sport
1029,443,Men
1029,746,Men
1029,116,Sport
1029,116,Women
1029,116,Men
1029,458,Sport
1029,458,Women
1029,458,Men
1029,873,Men
1029,873,Women
1029,873,Sport
1029,464,Sport
1029,464,Women
1239,751,Women
1239,687,Women
1239,687,Boys
1239,687,Girls
1239,1,Women
1239,1,Boys
1239,1,Girls
1239,913,Women
1239,913,Boys
1239,913,Girls
1239,444,Boys
1239,444,Women
1239,910,Women
1239,910,Girls
1239,910,Boys
1239,1030,Women
1239,1030,Boys
1239,582,Women
1239,1070,Women
1239,1070,Girls
1239,1070,Boys
1239,57,Women
1239,57,Girls
1239,57,Boys
1239,1050,Women
1239,529,Women
1239,529,Girls
1239,529,Boys
1239,407,Girls
1239,407,Boys
1239,169,Women
1239,581,Women
1239,581,Boys
1239,581,Girls
1239,147,Boys
1239,147,Women
1239,147,Girls
1239,1059,Boys
1239,1059,Women
1239,1059,Girls
1239,759,Girls
1239,759,Women
1239,138,Women
1239,138,Girls
1239,138,Boys
1239,87,Girls
1239,87,Women
1239,520,Women
1239,520,Girls
1239,520,Boys
1239,130,Women
1239,130,Boys
1239,641,Women
1239,105,Women
1239,105,Girls
1239,18,Women
1239,18,Boys
1239,544,Women
1239,544,Girls
1239,544,Boys
1239,1011,Women
1239,1011,Boys
1239,1011,Girls
1239,893,Girls
1239,844,Women
1239,844,Girls
1239,571,Women
1239,571,Girls
1239,571,Boys
1239,971,Women
1239,971,Girls
1239,971,Boys
1239,783,Women
1239,783,Girls
1239,783,Boys
1239,279,Women
1239,279,Girls
1239,279,Boys
1239,277,Boys
1239,277,Girls
1239,277,Women
1239,140,Boys
1239,140,Girls
1239,472,Women
1239,472,Boys
1239,472,Girls
1239,455,Girls
1239,455,Women
1239,455,Boys
1239,607,Women
1239,955,Boys
1239,955,Women
1239,139,Boys
1239,139,Women
1239,139,Girls
1239,658,Women
1239,658,Girls
1239,658,Boys
1239,896,Women
1239,896,Girls
1239,896,Boys
1239,1044,Women
1239,1044,Girls
1239,934,Girls
1239,934,Women
1239,934,Boys
1239,119,Women
1239,119,Girls
1239,392,Women
1239,705,Women
1239,705,Boys
1239,705,Girls
1239,244,Women
1239,611,Women
1239,611,Girls
1239,611,Boys
1239,731,Girls
1239,731,Boys
1239,579,Women
1239,905,Girls
1239,905,Women
1239,905,Boys
1239,926,Women
1239,339,Women
1239,17,Women
1239,17,Boys
1239,17,Girls
1239,788,Women
1239,788,Girls
1239,973,Women
1239,973,Boys
1239,973,Girls
1239,755,Boys
1239,755,Women
1239,755,Girls
1239,535,Boys
1239,535,Women
1239,535,Girls
1239,669,Women
1239,669,Boys
1239,669,Girls
1239,1027,Women
1239,1027,Girls
1239,812,Women
1239,812,Girls
1239,812,Boys
1239,886,Women
1239,886,Girls
1239,886,Boys
1239,19,Boys
1239,19,Women
1239,19,Girls
1239,268,Women
1239,268,Girls
1239,431,Women
1239,431,Boys
1239,431,Girls
1239,578,Women
1239,578,Boys
1239,578,Girls
1239,1043,Boys
1239,1043,Girls
1239,1043,Women
1239,989,Women
1239,989,Boys
1239,989,Girls
1239,609,Girls
1239,609,Boys
1239,609,Women
1239,1093,Girls
1239,1093,Women
1239,1093,Boys
1239,1045,Girls
1239,1045,Women
1239,1045,Boys
1239,691,Boys
1239,691,Women
1239,691,Girls
1239,635,Women
1239,635,Boys
1239,635,Girls
1239,367,Women
1239,468,Women
1239,468,Boys
1239,468,Girls
1239,629,Women
1239,629,Girls
1239,689,Women
1239,689,Girls
1239,689,Boys
1239,575,Women
1239,337,Boys
1239,337,Girls
1239,1099,Boys
1239,1099,Women
1239,663,Women
1239,663,Girls
1239,663,Boys
1239,636,Women
1239,636,Girls
1239,636,Boys
1239,986,Women
1239,986,Girls
1239,986,Boys
1239,502,Women
1239,502,Girls
1239,1012,Girls
1239,1012,Women
1239,1012,Boys
1239,506,Women
1239,506,Girls
1239,980,Women
1239,980,Boys
1239,980,Girls
1239,1102,Boys
1239,1102,Women
1239,1102,Girls
1239,287,Girls
1239,287,Women
1239,96,Boys
1239,96,Women
1239,870,Boys
1239,870,Women
1239,870,Girls
1239,795,Boys
1239,795,Women
1239,795,Girls
1239,754,Women
1239,754,Girls
1239,754,Boys
1239,64,Girls
1239,64,Boys
1239,64,Women
1239,967,Women
1239,967,Boys
1556,687,Sport
1556,687,Boys
1556,687,Men
1556,883,Boys
1556,883,Men
1556,883,Sport
1556,109,Sport
1556,109,Men
1556,1033,Sport
1556,1033,Boys
1556,725,Men
1556,725,Boys
1556,725,Sport
1556,788,Sport
1556,788,Men
1556,610,Boys
1556,610,Men
1556,610,Sport
1556,468,Men
1556,468,Sport
1556,468,Boys
1556,143,Sport
1556,143,Boys
1556,143,Men
1556,860,Men
1556,860,Sport
1556,572,Men
1556,572,Sport
1556,253,Sport
1556,253,Men
1556,803,Men
1556,803,Sport
1556,803,Boys
1556,287,Men
1556,86,Men
1556,86,Boys
1556,1031,Sport
1556,1031,Men
1556,1031,Boys
1556,16,Boys
1556,16,Sport
1556,16,Men
1556,607,Men
1556,607,Sport
1556,526,Sport
1556,526,Men
1556,526,Boys
1556,496,Sport
1556,496,Boys
1556,496,Men
1556,651,Sport
1556,651,Men
1556,17,Sport
1556,17,Boys
1556,17,Men
1556,578,Sport
1556,578,Men
1556,578,Boys
1556,807,Men
1556,807,Boys
1556,807,Sport
1556,480,Sport
1556,18,Sport
1556,18,Men
1556,18,Boys
1556,172,Sport
1556,172,Men
1556,172,Boys
1556,691,Men
1556,691,Boys
1556,691,Sport
1556,535,Sport
1556,535,Men
1556,535,Boys
1556,1063,Men
1556,1063,Sport
1556,1063,Boys
1556,470,Sport
1556,625,Boys
1556,625,Men
1556,625,Sport
1556,100,Men
1556,100,Sport
1556,911,Sport
1556,911,Men
1556,911,Boys
1556,105,Men
1556,105,Sport
1556,407,Men
1556,407,Boys
1556,407,Sport
1556,575,Men
1556,278,Men
1556,278,Boys
1556,278,Sport
1556,585,Men
1556,585,Sport
1556,585,Boys
1556,104,Boys
1556,104,Men
1556,104,Sport
1556,915,Sport
1556,915,Boys
1556,915,Men
1556,935,Sport
1556,392,Sport
1556,819,Men
1556,819,Sport
1556,819,Boys
1556,551,Sport
1556,551,Men
1556,1102,Sport
1556,1102,Boys
1556,1102,Men
1556,641,Sport
1556,641,Men
1556,1028,Men
1556,1028,Sport
1556,705,Men
1556,705,Sport
1556,705,Boys
1556,107,Men
1556,107,Sport
1556,107,Boys
1556,986,Sport
1556,986,Men
1556,986,Boys
1556,98,Men
1556,98,Sport
1556,591,Sport
1556,591,Men
1556,591,Boys
1556,656,Men
1556,656,Boys
1556,870,Men
1556,870,Sport
1556,870,Boys
1556,714,Sport
1556,714,Men
1556,714,Boys
1556,1073,Men
1556,24,Sport
1556,24,Men
1556,24,Boys
1556,896,Sport
1556,896,Men
1556,896,Boys
1556,277,Sport
1556,277,Boys
1556,277,Men
1556,879,Men
1556,108,Boys
1556,108,Sport
1556,108,Men
1556,459,Sport
1556,459,Boys
1556,459,Men
1556,907,Men
1556,907,Sport
1556,907,Boys
1556,791,Sport
1556,791,Men
1556,783,Men
1556,783,Sport
1556,783,Boys
1556,995,Sport
1556,995,Boys
1556,995,Men
1556,635,Sport
1556,635,Men
1556,635,Boys
1556,989,Sport
1556,989,Boys
1556,989,Men
1556,473,Sport
1556,473,Men
1556,473,Boys
1556,895,Men
1556,895,Sport
1556,895,Boys
1556,413,Men
1556,413,Sport
1556,520,Men
1556,520,Sport
1556,520,Boys
1556,483,Men
1556,483,Sport
1556,483,Boys
1556,1002,Sport
1556,1002,Men
1556,1002,Boys
1556,782,Boys
1556,782,Sport
1556,466,Sport
1556,466,Boys
1556,466,Men
1556,951,Sport
1556,11,Boys
1556,11,Men
1556,11,Sport
1556,1075,Sport
1556,1075,Men
1556,1075,Boys
1556,444,Boys
1556,444,Sport
1556,444,Men
1556,846,Sport
1556,846,Men
1556,156,Men
1556,156,Sport
1556,492,Men
1556,492,Sport
1556,492,Boys
1556,604,Sport
1556,604,Men
1556,604,Boys
1556,885,Men
1556,885,Boys
1556,885,Sport
1556,90,Men
1556,19,Sport
1556,19,Boys
1556,19,Men
1333,473,Sport
1333,473,Women
1333,473,Girls
1333,331,Girls
1333,438,Women
1333,438,Sport
1333,986,Sport
1333,986,Women
1333,986,Girls
1333,863,Women
1333,863,Sport
1333,863,Girls
1333,480,Sport
1333,686,Women
1333,17,Women
1333,17,Sport
1333,17,Girls
1333,666,Women
1333,666,Sport
1333,666,Girls
1333,786,Sport
1333,786,Girls
1333,786,Women
1333,492,Sport
1333,492,Women
1333,492,Girls
1333,870,Sport
1333,870,Women
1333,870,Girls
1333,1055,Women
1333,1055,Girls
1333,896,Sport
1333,896,Women
1333,896,Girls
1333,541,Girls
1333,541,Sport
1333,541,Women
1333,940,Sport
1333,913,Women
1333,913,Sport
1333,913,Girls
1333,858,Sport
1333,939,Girls
1333,939,Sport
1333,939,Women
1333,578,Sport
1333,578,Women
1333,578,Girls
1333,751,Women
1333,691,Sport
1333,691,Women
1333,691,Girls
1333,569,Sport
1333,569,Girls
1333,569,Women
1333,466,Girls
1333,466,Sport
1333,466,Women
1333,520,Women
1333,520,Sport
1333,520,Girls
1333,851,Sport
1333,851,Women
1333,851,Girls
1333,745,Women
1333,745,Girls
1333,288,Girls
1333,288,Women
1333,1093,Girls
1333,1093,Women
1333,1093,Sport
1333,798,Women
1333,798,Girls
1333,798,Sport
1333,726,Girls
1333,726,Women
1333,726,Sport
1333,607,Sport
1333,607,Women
1333,1024,Women
1333,1024,Sport
1333,1024,Girls
1333,608,Women
1333,608,Sport
1333,803,Sport
1333,803,Women
1333,803,Girls
1333,339,Women
1333,339,Sport
1333,852,Sport
1333,852,Women
1333,852,Girls
1333,277,Sport
1333,277,Girls
1333,277,Women
1333,866,Women
1333,866,Girls
1333,1013,Sport
1333,450,Women
1333,450,Sport
1333,27,Women
1333,27,Sport
1333,27,Girls
1333,444,Sport
1333,444,Women
1333,298,Women
1333,298,Girls
1333,298,Sport
1333,942,Women
1333,942,Girls
1333,942,Sport
1333,705,Sport
1333,705,Women
1333,705,Girls
1333,1029,Sport
1333,644,Women
1333,644,Sport
1333,159,Women
1333,159,Sport
1333,318,Women
1333,318,Sport
1333,318,Girls
1333,374,Women
1333,451,Girls
1333,451,Sport
1333,451,Women
1333,514,Girls
1333,514,Women
1333,514,Sport
1333,788,Sport
1333,788,Women
1333,788,Girls
1333,249,Women
1333,249,Girls
1333,249,Sport
1333,483,Girls
1333,483,Women
1333,483,Sport
1333,575,Women
1333,510,Women
1333,510,Sport
1333,510,Girls
1333,1050,Women
1333,449,Sport
1333,449,Women
1333,449,Girls
1333,1076,Women
1333,1076,Girls
1333,1076,Sport
1333,323,Women
1333,323,Sport
1333,764,Women
1333,484,Sport
1333,484,Women
1333,484,Girls
1333,324,Girls
1333,324,Sport
1333,324,Women
1333,468,Women
1333,468,Sport
1333,468,Girls
1333,1102,Sport
1333,1102,Women
1333,1102,Girls
1333,391,Women
1333,391,Sport
1333,391,Girls
1333,635,Women
1333,635,Sport
1333,635,Girls
1333,1031,Sport
1333,1031,Women
1333,535,Sport
1333,535,Women
1333,535,Girls
1333,641,Sport
1333,641,Women
1333,1110,Sport
1333,854,Women
1333,824,Sport
1333,824,Women
1333,687,Women
1333,687,Sport
1333,687,Girls
1333,113,Women
1333,113,Sport
1333,113,Girls
1333,454,Girls
1333,454,Women
1333,454,Sport
1333,105,Women
1333,105,Sport
1333,105,Girls
1333,392,Women
1333,392,Sport
1333,379,Women
1333,905,Girls
1333,905,Women
1333,905,Sport
1333,1033,Sport
1333,1033,Women
1333,1033,Girls
1333,748,Women
1333,748,Sport
1333,989,Women
1333,989,Sport
1333,989,Girls
1333,19,Sport
1333,19,Women
1333,19,Girls
1333,1048,Women
1333,1048,Sport
1333,1048,Girls
1333,136,Women
1333,136,Sport
1333,136,Girls
1333,261,Girls
1333,287,Girls
1333,287,Women
1333,18,Sport
1333,18,Women
1472,370,Women
1472,370,Men
1472,891,Women
1472,771,Boys
1472,771,Women
1472,1000,Women
1472,1000,Men
1472,1000,Boys
1472,49,Boys
1472,24,Women
1472,24,Men
1472,24,Boys
1472,484,Men
1472,484,Women
1472,609,Boys
1472,609,Men
1472,609,Women
1472,449,Men
1472,449,Women
1472,449,Boys
1472,687,Women
1472,687,Boys
1472,687,Men
1472,296,Women
1472,296,Men
1472,279,Women
1472,279,Boys
1472,279,Men
1472,752,Women
1472,1028,Women
1472,1028,Men
1472,154,Women
1472,475,Women
1472,475,Men
1472,475,Boys
1472,283,Men
1472,283,Women
1472,283,Boys
1472,744,Men
1472,744,Women
1472,744,Boys
1472,890,Women
1472,890,Men
1472,890,Boys
1472,1043,Men
1472,1043,Boys
1472,1043,Women
1472,547,Women
1472,547,Men
1472,627,Men
1472,627,Women
1472,627,Boys
1472,5,Women
1472,5,Men
1472,5,Boys
1472,663,Women
1472,663,Men
1472,663,Boys
1472,740,Women
1472,491,Women
1472,491,Men
1472,893,Men
1472,585,Men
1472,585,Women
1472,585,Boys
1472,163,Men
1472,163,Women
1472,1104,Women
1472,1104,Men
1472,345,Women
1472,345,Men
1472,905,Men
1472,905,Women
1472,905,Boys
1472,153,Men
1472,153,Women
1472,796,Men
1472,796,Women
1472,796,Boys
1472,1032,Women
1472,1032,Men
1472,1032,Boys
1472,1110,Men
1472,94,Women
1472,94,Men
1472,94,Boys
1472,614,Women
1472,614,Men
1472,614,Boys
1472,367,Men
1472,367,Women
1472,1068,Men
1472,537,Men
1472,537,Boys
1472,537,Women
1472,453,Boys
1472,453,Women
1472,747,Women
1472,747,Men
1472,747,Boys
1472,1002,Women
1472,1002,Men
1472,1002,Boys
1472,455,Men
1472,455,Women
1472,455,Boys
1472,451,Boys
1472,451,Women
1472,1083,Boys
1472,1083,Men
1472,1083,Women
1472,351,Women
1472,351,Men
1472,351,Boys
1472,986,Men
1472,986,Women
1472,986,Boys
1472,1102,Boys
1472,1102,Women
1472,1102,Men
1472,689,Men
1472,689,Women
1472,689,Boys
1472,353,Women
1472,353,Men
1472,707,Boys
1472,707,Men
1472,907,Men
1472,907,Women
1472,907,Boys
1472,292,Men
1472,110,Men
1472,110,Women
1472,110,Boys
1472,805,Women
1472,805,Men
1472,805,Boys
1472,315,Men
1472,315,Women
1472,530,Men
1472,530,Boys
1472,530,Women
1472,967,Women
1472,967,Boys
1472,59,Women
1472,59,Men
1472,59,Boys
1472,1050,Women
1472,682,Men
1472,682,Women
1472,682,Boys
1472,683,Men
1472,683,Boys
1472,641,Men
1472,641,Women
1472,934,Women
1472,934,Boys
1472,126,Men
1472,126,Women
1472,17,Women
1472,17,Boys
1472,17,Men
1472,150,Women
1472,888,Women
1472,888,Men
1472,888,Boys
1472,955,Boys
1472,955,Men
1472,955,Women
1472,989,Women
1472,989,Boys
1472,989,Men
1472,81,Men
1472,81,Women
1472,605,Women
1472,605,Men
1472,431,Men
1472,431,Women
1472,431,Boys
1472,889,Women
1472,889,Men
1472,889,Boys
1472,942,Men
1472,942,Women
1472,386,Men
1472,465,Women
1472,465,Men
1472,465,Boys
1472,95,Women
1472,519,Men
1472,519,Boys
1472,519,Women
1472,784,Women
1472,429,Men
1472,429,Women
1472,392,Women
1472,798,Women
1472,798,Men
1472,798,Boys
1472,550,Women
1472,550,Boys
1472,961,Men
1472,158,Women
1472,158,Men
1472,158,Boys
1472,140,Boys
1472,140,Men
1472,691,Men
1472,691,Boys
1472,691,Women
1472,337,Boys
1472,337,Men
1472,113,Men
1472,113,Boys
1472,113,Women
1472,134,Women
1472,134,Men
749,167,Sport
749,167,Men
749,515,Boys
749,515,Men
749,515,Sport
749,1012,Boys
749,1012,Men
749,1099,Men
749,1099,Boys
749,1099,Sport
749,928,Sport
749,928,Boys
749,583,Men
749,583,Boys
749,669,Boys
749,669,Men
749,669,Sport
749,674,Sport
749,674,Men
749,674,Boys
749,913,Men
749,913,Boys
749,913,Sport
749,19,Sport
749,19,Boys
749,19,Men
749,788,Sport
749,788,Men
749,444,Boys
749,444,Sport
749,444,Men
749,663,Men
749,663,Boys
749,691,Men
749,691,Boys
749,691,Sport
749,673,Sport
749,467,Men
749,467,Sport
749,467,Boys
749,559,Men
749,559,Sport
749,559,Boys
749,468,Men
749,468,Sport
749,468,Boys
749,422,Men
749,422,Boys
749,422,Sport
749,934,Boys
749,934,Sport
749,1044,Sport
749,661,Men
749,661,Sport
749,661,Boys
749,520,Men
749,520,Sport
749,520,Boys
749,942,Men
749,942,Sport
749,581,Men
749,581,Sport
749,581,Boys
749,1105,Sport
749,885,Men
749,885,Boys
749,885,Sport
749,919,Boys
749,506,Men
749,506,Sport
749,96,Boys
749,96,Men
749,96,Sport
749,58,Sport
749,58,Men
749,158,Sport
749,158,Men
749,158,Boys
749,810,Sport
749,810,Men
749,810,Boys
749,911,Sport
749,911,Men
749,911,Boys
749,658,Sport
749,658,Men
749,658,Boys
749,256,Men
749,256,Sport
749,896,Sport
749,896,Men
749,896,Boys
749,870,Men
749,870,Sport
749,870,Boys
749,386,Sport
749,386,Men
749,287,Men
749,955,Boys
749,955,Men
749,607,Men
749,607,Sport
749,154,Sport
749,910,Men
749,910,Sport
749,910,Boys
749,967,Boys
749,971,Men
749,971,Sport
749,971,Boys
749,513,Sport
749,513,Men
749,276,Men
749,276,Boys
749,276,Sport
749,689,Men
749,689,Sport
749,689,Boys
749,431,Men
749,431,Boys
749,431,Sport
749,105,Men
749,105,Sport
749,473,Sport
749,473,Men
749,473,Boys
749,786,Sport
749,786,Men
749,786,Boys
749,575,Men
749,511,Sport
749,511,Men
749,980,Boys
749,980,Sport
749,980,Men
749,163,Men
749,163,Sport
749,893,Men
749,56,Men
749,56,Sport
749,56,Boys
749,48,Sport
749,55,Boys
749,55,Sport
749,55,Men
749,571,Boys
749,989,Sport
749,989,Boys
749,989,Men
749,279,Sport
749,279,Boys
749,279,Men
749,578,Sport
749,578,Men
749,578,Boys
749,1043,Men
749,1043,Sport
749,1043,Boys
749,145,Sport
749,145,Boys
749,145,Men
749,882,Men
749,882,Boys
749,882,Sport
749,143,Sport
749,143,Boys
749,143,Men
749,682,Men
749,682,Sport
749,682,Boys
749,795,Boys
749,795,Men
749,795,Sport
749,509,Boys
749,509,Sport
749,705,Men
749,705,Sport
749,705,Boys
749,18,Sport
749,18,Men
749,18,Boys
749,759,Sport
749,455,Men
749,455,Boys
749,455,Sport
749,909,Boys
749,909,Men
749,909,Sport
749,556,Sport
749,556,Boys
749,535,Sport
749,535,Men
749,535,Boys
749,635,Sport
749,635,Men
749,635,Boys
519,625,Women
519,625,Boys
519,625,Girls
519,654,Boys
519,654,Women
519,654,Girls
519,154,Women
519,819,Women
519,819,Boys
519,819,Girls
519,496,Women
519,496,Boys
519,496,Girls
519,71,Women
519,1039,Women
519,1039,Boys
519,783,Women
519,783,Girls
519,783,Boys
519,678,Women
519,678,Boys
519,678,Girls
519,863,Women
519,863,Boys
519,863,Girls
519,667,Boys
519,667,Women
519,667,Girls
519,779,Girls
519,466,Girls
519,466,Women
519,466,Boys
519,438,Women
519,438,Boys
519,739,Women
519,91,Women
519,91,Boys
519,91,Girls
519,660,Girls
519,660,Women
519,660,Boys
519,276,Women
519,276,Girls
519,276,Boys
519,1075,Women
519,1075,Girls
519,1075,Boys
519,56,Women
519,56,Girls
519,56,Boys
519,150,Women
519,150,Girls
519,708,Women
519,1020,Women
519,1020,Boys
519,1020,Girls
519,627,Women
519,627,Boys
519,627,Girls
519,530,Boys
519,530,Women
519,530,Girls
519,451,Boys
519,451,Girls
519,451,Women
519,875,Boys
519,653,Boys
519,653,Girls
519,920,Girls
519,920,Boys
519,658,Women
519,658,Girls
519,658,Boys
519,90,Girls
519,90,Women
519,331,Girls
519,70,Girls
519,70,Boys
519,572,Women
519,995,Boys
519,995,Women
519,526,Women
519,526,Girls
519,526,Boys
519,705,Women
519,705,Boys
519,705,Girls
519,793,Boys
519,793,Girls
519,793,Women
519,1084,Women
519,786,Girls
519,786,Women
519,786,Boys
519,531,Boys
519,529,Women
519,529,Girls
519,529,Boys
519,1031,Women
519,1031,Boys
519,933,Boys
519,933,Girls
519,933,Women
519,277,Boys
519,277,Girls
519,277,Women
519,155,Women
519,155,Boys
519,109,Women
519,109,Girls
519,75,Women
519,547,Women
519,586,Women
519,586,Girls
519,586,Boys
519,120,Women
519,120,Boys
519,322,Girls
519,905,Girls
519,905,Women
519,905,Boys
519,936,Women
519,936,Boys
519,375,Women
519,375,Boys
519,567,Women
519,567,Boys
519,567,Girls
519,300,Girls
519,695,Boys
519,695,Women
519,644,Women
519,492,Women
519,492,Boys
519,492,Girls
519,328,Women
519,107,Women
519,107,Girls
519,107,Boys
519,666,Women
519,666,Boys
519,666,Girls
519,902,Women
519,638,Women
519,638,Boys
519,468,Women
519,468,Boys
519,468,Girls
519,108,Women
519,108,Girls
519,108,Boys
519,782,Boys
519,413,Women
519,413,Girls
519,309,Women
519,309,Girls
519,157,Girls
519,157,Women
519,157,Boys
519,810,Girls
519,810,Women
519,810,Boys
519,780,Women
519,881,Girls
519,881,Boys
519,481,Boys
519,481,Women
519,481,Girls
519,64,Girls
519,64,Boys
519,64,Women
519,522,Women
519,522,Girls
519,522,Boys
519,865,Women
519,865,Boys
519,865,Girls
519,407,Girls
519,407,Boys
519,889,Women
519,889,Boys
519,889,Girls
519,317,Women
519,317,Girls
519,317,Boys
519,1063,Women
519,1063,Boys
519,1063,Girls
45,66,Women
45,870,Boys
45,870,Women
45,870,Girls
45,989,Women
45,989,Boys
45,989,Girls
45,11,Boys
45,11,Women
45,11,Girls
45,19,Boys
45,19,Women
45,19,Girls
45,920,Girls
45,920,Boys
45,705,Women
45,705,Boys
45,705,Girls
45,1070,Women
45,1070,Girls
45,1070,Boys
45,788,Women
45,788,Girls
45,432,Women
45,432,Boys
45,432,Girls
45,13,Women
45,248,Girls
45,248,Women
45,248,Boys
45,763,Women
45,771,Boys
45,771,Women
45,82,Women
45,82,Boys
45,82,Girls
45,468,Women
45,468,Boys
45,468,Girls
45,150,Women
45,150,Girls
45,162,Boys
45,162,Women
45,94,Women
45,94,Boys
45,83,Girls
45,83,Women
45,83,Boys
45,885,Women
45,885,Girls
45,885,Boys
45,944,Girls
45,644,Women
45,1081,Boys
45,1081,Women
45,1081,Girls
45,758,Women
45,758,Boys
45,758,Girls
45,509,Boys
45,509,Girls
45,509,Women
45,685,Girls
45,685,Women
45,685,Boys
45,885,Women
45,885,Girls
45,885,Boys
45,74,Women
45,610,Women
45,610,Boys
45,610,Girls
45,56,Women
45,56,Girls
45,56,Boys
45,995,Boys
45,995,Women
45,1025,Women
45,1025,Girls
45,1025,Boys
45,960,Girls
45,960,Women
45,960,Boys
45,9,Boys
45,9,Women
45,9,Girls
45,18,Women
45,18,Boys
45,285,Women
45,285,Boys
45,285,Girls
45,737,Women
45,61,Boys
45,61,Women
45,137,Women
45,137,Boys
45,137,Girls
45,645,Boys
45,1007,Girls
45,1007,Women
45,21,Boys
45,21,Women
45,21,Girls
45,418,Women
45,418,Girls
45,418,Boys
45,105,Women
45,105,Girls
45,751,Women
45,691,Boys
45,691,Women
45,691,Girls
45,85,Girls
45,262,Women
45,882,Boys
45,882,Girls
45,882,Women
45,7,Girls
45,7,Women
45,7,Boys
45,1048,Women
45,1048,Girls
45,1048,Boys
45,578,Women
45,578,Boys
45,578,Girls
45,607,Women
45,515,Boys
45,515,Women
45,515,Girls
45,1045,Girls
45,1045,Women
45,1045,Boys
45,433,Women
45,1017,Women
45,1017,Girls
45,1017,Boys
45,20,Women
45,20,Girls
45,20,Boys
45,287,Girls
45,287,Women
45,744,Girls
45,744,Women
45,744,Boys
45,725,Boys
45,725,Women
45,725,Girls
45,892,Women
45,892,Boys
45,896,Women
45,896,Girls
45,896,Boys
45,535,Boys
45,535,Women
45,535,Girls
45,520,Women
45,520,Girls
45,520,Boys
45,635,Women
45,635,Boys
45,635,Girls
45,96,Boys
45,96,Women
45,444,Boys
45,444,Women
45,575,Women
450,786,Sport
450,786,Women
450,786,Boys
450,82,Women
450,82,Sport
450,82,Boys
450,303,Boys
450,303,Women
450,303,Sport
450,1036,Sport
450,1036,Women
450,103,Sport
450,103,Women
450,80,Sport
450,414,Women
450,414,Boys
450,414,Sport
450,672,Boys
450,672,Sport
450,672,Women
450,114,Women
450,114,Boys
450,114,Sport
450,625,Women
450,625,Boys
450,625,Sport
450,92,Women
450,127,Women
450,127,Sport
450,644,Women
450,644,Sport
450,798,Women
450,798,Sport
450,798,Boys
450,1051,Sport
450,1051,Women
450,1051,Boys
450,7,Sport
450,7,Women
450,7,Boys
450,594,Women
450,594,Sport
450,594,Boys
450,723,Sport
450,723,Women
450,723,Boys
450,544,Women
450,544,Boys
450,376,Boys
450,376,Women
450,343,Women
450,343,Sport
450,343,Boys
450,623,Women
450,639,Boys
450,275,Sport
450,656,Boys
450,656,Women
450,815,Women
450,815,Boys
450,815,Sport
450,674,Sport
450,674,Women
450,674,Boys
450,942,Women
450,942,Sport
450,468,Women
450,468,Sport
450,468,Boys
450,733,Women
450,733,Boys
450,733,Sport
450,529,Women
450,529,Sport
450,529,Boys
450,381,Women
450,381,Sport
450,653,Boys
450,653,Sport
450,1055,Women
450,1055,Boys
450,164,Boys
450,164,Women
450,705,Sport
450,705,Women
450,705,Boys
450,778,Sport
450,162,Boys
450,162,Sport
450,162,Women
450,281,Boys
450,281,Women
450,581,Women
450,581,Sport
450,581,Boys
450,432,Women
450,432,Boys
450,432,Sport
450,78,Women
450,78,Sport
450,1063,Women
450,1063,Sport
450,1063,Boys
450,483,Women
450,483,Sport
450,483,Boys
450,470,Sport
450,341,Boys
450,341,Women
450,142,Women
450,142,Sport
450,431,Women
450,431,Boys
450,431,Sport
450,667,Sport
450,667,Boys
450,667,Women
450,666,Women
450,666,Sport
450,666,Boys
450,920,Boys
450,508,Women
450,638,Women
450,638,Sport
450,638,Boys
450,136,Women
450,136,Sport
450,136,Boys
450,479,Women
450,479,Sport
450,86,Boys
450,907,Sport
450,907,Women
450,907,Boys
450,449,Sport
450,449,Women
450,449,Boys
450,112,Women
450,62,Boys
450,62,Women
450,62,Sport
450,1024,Women
450,1024,Sport
450,1024,Boys
450,906,Sport
450,906,Women
450,906,Boys
450,371,Sport
450,14,Sport
450,14,Boys
450,14,Women
450,738,Women
450,617,Boys
450,617,Women
450,722,Sport
450,722,Women
450,722,Boys
450,166,Women
450,166,Sport
450,166,Boys
450,784,Women
450,137,Women
450,137,Boys
450,137,Sport
450,148,Boys
450,148,Sport
450,148,Women
753,805,Women
753,805,Men
753,805,Girls
753,485,Women
753,535,Men
753,535,Women
753,535,Girls
753,520,Women
753,520,Men
753,520,Girls
753,1112,Women
753,1112,Girls
753,1112,Men
753,786,Girls
753,786,Women
753,786,Men
753,9,Men
753,9,Women
753,9,Girls
753,105,Men
753,105,Women
753,105,Girls
753,449,Men
753,449,Women
753,449,Girls
753,989,Women
753,989,Girls
753,989,Men
753,806,Women
753,806,Men
753,806,Girls
753,756,Men
753,756,Girls
753,756,Women
753,705,Men
753,705,Women
753,705,Girls
753,145,Women
753,145,Girls
753,145,Men
753,444,Men
753,444,Women
753,60,Men
753,468,Women
753,468,Men
753,468,Girls
753,788,Men
753,788,Women
753,788,Girls
753,165,Women
753,165,Men
753,165,Girls
753,54,Women
753,694,Girls
753,140,Men
753,140,Girls
753,293,Girls
753,293,Women
753,287,Men
753,287,Girls
753,287,Women
753,281,Women
753,72,Women
753,72,Men
753,72,Girls
753,19,Women
753,19,Girls
753,19,Men
753,723,Men
753,723,Women
753,723,Girls
753,995,Women
753,995,Men
753,164,Men
753,164,Women
753,635,Women
753,635,Men
753,635,Girls
753,121,Women
753,121,Girls
753,896,Women
753,896,Girls
753,896,Men
753,981,Men
753,981,Women
753,654,Men
753,654,Women
753,654,Girls
753,870,Men
753,870,Women
753,870,Girls
753,982,Men
753,982,Women
753,982,Girls
753,133,Men
753,133,Women
753,744,Girls
753,744,Men
753,744,Women
753,510,Men
753,510,Women
753,510,Girls
753,622,Girls
753,622,Women
753,622,Men
753,18,Women
753,18,Men
753,123,Men
753,123,Women
753,123,Girls
753,269,Women
753,269,Men
753,269,Girls
753,249,Women
753,249,Men
753,249,Girls
753,604,Girls
753,604,Women
753,604,Men
753,575,Women
753,575,Men
753,607,Men
753,607,Women
753,511,Girls
753,511,Women
753,511,Men
753,992,Men
753,85,Girls
753,85,Men
753,685,Girls
753,685,Women
753,685,Men
753,884,Women
753,884,Girls
753,884,Men
753,885,Women
753,885,Men
753,885,Girls
753,6,Women
753,6,Men
753,6,Girls
753,116,Women
753,116,Men
753,578,Men
753,578,Women
753,578,Girls
753,691,Men
753,691,Women
753,691,Girls
1314,1047,Men
1314,935,Sport
1314,740,Girls
1314,91,Sport
1314,91,Men
1314,91,Girls
1314,84,Men
1314,84,Sport
1314,62,Men
1314,62,Sport
1314,62,Girls
1314,470,Sport
1314,465,Sport
1314,465,Men
1314,465,Girls
1314,591,Sport
1314,591,Men
1314,128,Men
1314,895,Men
1314,895,Sport
1314,895,Girls
1314,727,Men
1314,727,Girls
1314,727,Sport
1314,126,Sport
1314,126,Men
1314,651,Sport
1314,651,Men
1314,791,Sport
1314,791,Men
1314,791,Girls
1314,16,Sport
1314,16,Men
1314,140,Sport
1314,140,Men
1314,140,Girls
1314,554,Sport
1314,554,Men
1314,1070,Sport
1314,1070,Girls
1314,1070,Men
1314,155,Men
1314,74,Sport
1314,276,Men
1314,276,Girls
1314,276,Sport
1314,707,Men
1314,707,Girls
1314,1032,Sport
1314,1032,Men
1314,679,Sport
1314,679,Girls
1314,960,Girls
1314,960,Sport
1314,960,Men
1314,164,Men
1314,567,Sport
1314,567,Men
1314,567,Girls
1314,902,Men
1314,902,Sport
1314,459,Sport
1314,459,Men
1314,588,Sport
1314,52,Sport
1314,714,Girls
1314,714,Sport
1314,714,Men
1314,583,Men
1314,879,Men
1314,981,Sport
1314,981,Men
1314,169,Men
1314,169,Sport
1314,551,Sport
1314,551,Men
1314,104,Men
1314,104,Sport
1314,158,Sport
1314,158,Men
1314,434,Men
1314,434,Girls
1314,434,Sport
1314,860,Men
1314,860,Sport
1314,860,Girls
1314,482,Girls
1314,482,Sport
1314,482,Men
1314,147,Men
1314,147,Sport
1314,147,Girls
1314,413,Men
1314,413,Girls
1314,413,Sport
1314,964,Men
1314,964,Sport
1314,56,Men
1314,56,Girls
1314,56,Sport
1314,1058,Men
1314,1058,Sport
1314,979,Sport
1314,268,Sport
1314,268,Girls
1314,268,Men
1314,166,Men
1314,166,Sport
1314,166,Girls
1314,530,Sport
1314,530,Men
1314,530,Girls
1314,608,Sport
1314,608,Men
1314,59,Men
1314,59,Sport
1314,1049,Men
1314,803,Men
1314,803,Sport
1314,803,Girls
1314,21,Sport
1314,21,Girls
1314,21,Men
1314,407,Men
1314,407,Girls
1314,407,Sport
1314,1025,Girls
1314,1025,Sport
1314,1025,Men
1314,117,Sport
1314,156,Men
1314,156,Girls
1314,156,Sport
1314,468,Men
1314,468,Sport
1314,468,Girls
1314,7,Men
1314,7,Sport
1314,7,Girls
857,683,Men
857,855,Women
857,855,Men
857,855,Girls
857,166,Men
857,166,Women
857,166,Girls
857,949,Men
857,949,Women
857,145,Women
857,145,Girls
857,145,Men
857,973,Women
857,973,Men
857,973,Girls
857,129,Men
857,483,Girls
857,483,Women
857,483,Men
857,926,Women
857,926,Men
857,172,Girls
857,172,Women
857,172,Men
857,519,Men
857,519,Girls
857,519,Women
857,610,Women
857,610,Men
857,610,Girls
857,1112,Women
857,1112,Girls
857,1112,Men
857,273,Women
857,273,Men
857,273,Girls
857,420,Men
857,362,Women
857,362,Men
857,362,Girls
857,138,Women
857,138,Men
857,138,Girls
857,249,Women
857,249,Men
857,249,Girls
857,143,Women
857,143,Girls
857,143,Men
857,130,Women
857,371,Men
857,23,Men
857,23,Women
857,23,Girls
857,349,Men
857,349,Women
857,349,Girls
857,611,Women
857,611,Men
857,611,Girls
857,124,Women
857,124,Men
857,124,Girls
857,1068,Men
857,357,Women
857,357,Girls
857,357,Men
857,992,Men
857,918,Women
857,308,Men
857,754,Men
857,754,Women
857,754,Girls
857,324,Men
857,324,Girls
857,324,Women
857,634,Women
857,634,Girls
857,704,Men
857,704,Women
857,723,Men
857,723,Women
857,723,Girls
857,972,Girls
857,972,Men
857,972,Women
857,450,Women
857,22,Girls
857,22,Men
857,22,Women
857,528,Women
857,325,Men
857,325,Women
857,478,Women
857,440,Girls
857,440,Women
857,440,Men
857,849,Women
857,586,Women
857,586,Men
857,586,Girls
857,681,Men
857,681,Girls
857,681,Women
857,719,Men
857,282,Women
857,282,Girls
857,373,Women
857,464,Women
857,773,Women
857,773,Men
857,773,Girls
857,1029,Men
857,122,Women
857,569,Men
857,569,Girls
857,569,Women
857,1100,Women
857,1100,Girls
857,410,Women
857,410,Men
857,516,Girls
857,148,Men
857,148,Women
857,148,Girls
640,761,Women
640,81,Men
640,81,Women
640,7,Men
640,7,Sport
640,7,Women
640,432,Men
640,432,Women
640,432,Sport
640,885,Women
640,885,Men
640,885,Sport
640,807,Women
640,807,Men
640,807,Sport
640,865,Sport
640,865,Women
640,865,Men
640,1048,Women
640,1048,Men
640,1048,Sport
640,483,Women
640,483,Men
640,483,Sport
640,481,Women
640,481,Men
640,481,Sport
640,846,Sport
640,846,Women
640,846,Men
640,810,Sport
640,810,Men
640,810,Women
640,51,Sport
640,100,Women
640,100,Men
640,100,Sport
640,168,Women
640,168,Men
640,170,Sport
640,170,Men
640,170,Women
640,127,Women
640,127,Sport
640,127,Men
640,159,Men
640,159,Women
640,159,Sport
640,434,Men
640,434,Sport
640,434,Women
640,685,Sport
640,685,Women
640,685,Men
640,408,Men
640,408,Women
640,408,Sport
640,1029,Sport
640,1029,Men
640,473,Sport
640,473,Men
640,473,Women
640,1018,Sport
640,1018,Men
640,1018,Women
640,112,Women
640,494,Men
640,494,Women
640,494,Sport
640,511,Sport
640,511,Women
640,511,Men
640,604,Sport
640,604,Women
640,604,Men
640,886,Women
640,886,Men
640,886,Sport
640,815,Women
640,815,Men
640,815,Sport
640,454,Men
640,454,Women
640,454,Sport
640,440,Women
640,440,Men
640,440,Sport
640,892,Sport
640,892,Women
640,892,Men
640,113,Men
640,113,Women
640,113,Sport
640,759,Sport
640,759,Women
640,262,Women
640,262,Men
640,269,Women
640,269,Men
640,269,Sport
640,987,Men
640,987,Women
640,987,Sport
640,47,Women
640,119,Women
640,119,Sport
640,119,Men
640,771,Women
640,771,Sport
640,1015,Women
640,1015,Men
640,1015,Sport
640,504,Sport
640,504,Men
640,504,Women
640,617,Men
640,617,Women
640,610,Women
640,610,Men
640,610,Sport
