customer_id,cust_mean_buy_price,cust_total_coupons,cust_mean_discount,cust_unique_products,cust_unique_products_coupon,cust_total_products
1,11.62,285.0,9.16,866.0,232.0,1102.0
2,14.29,984.0,11.1,1566.0,634.0,2980.0
3,11.43,209.0,10.95,510.0,183.0,629.0
4,10.65,154.0,10.13,501.0,148.0,564.0
5,5.68,0.0,0.0,2.0,0.0,2.0
6,12.59,546.0,10.87,1125.0,419.0,1760.0
7,15.75,387.0,9.98,921.0,298.0,1280.0
8,13.45,177.0,10.95,443.0,154.0,533.0
9,12.67,337.0,8.32,930.0,283.0,1285.0
10,18.24,88.0,12.42,268.0,87.0,281.0
11,11.36,566.0,11.38,1087.0,397.0,1754.0
12,15.95,58.0,8.4,170.0,54.0,178.0
13,12.66,697.0,9.71,1522.0,500.0,2581.0
14,12.87,1187.0,9.5,1912.0,697.0,4226.0
15,11.67,117.0,8.35,332.0,107.0,377.0
16,13.14,1085.0,10.11,1833.0,668.0,3500.0
17,13.88,301.0,8.27,877.0,240.0,1133.0
18,11.39,401.0,11.87,890.0,323.0,1241.0
19,14.59,341.0,11.37,915.0,278.0,1180.0
20,13.17,441.0,9.94,1147.0,346.0,1566.0
21,14.03,1025.0,10.39,1717.0,634.0,3451.0
22,16.09,128.0,8.59,425.0,124.0,489.0
23,10.29,523.0,9.77,1147.0,378.0,1906.0
24,11.11,193.0,8.98,580.0,160.0,710.0
25,15.22,2009.0,12.17,2113.0,924.0,5841.0
26,13.02,856.0,10.77,1424.0,564.0,2813.0
27,11.44,309.0,8.98,822.0,243.0,1034.0
28,11.87,685.0,9.61,1302.0,480.0,2353.0
29,13.88,2324.0,9.68,2375.0,1015.0,8211.0
30,13.42,342.0,10.43,872.0,267.0,1142.0
31,12.92,972.0,8.9,1926.0,599.0,3733.0
32,11.98,1221.0,9.56,1874.0,719.0,4259.0
33,12.33,185.0,10.08,516.0,170.0,587.0
34,14.48,1015.0,11.3,1480.0,627.0,3074.0
35,13.92,1323.0,9.16,2156.0,792.0,4871.0
36,10.31,263.0,13.22,631.0,231.0,741.0
37,11.21,556.0,10.71,1127.0,409.0,1845.0
38,15.05,487.0,10.25,1070.0,386.0,1507.0
39,12.63,1010.0,10.22,1717.0,629.0,3420.0
40,14.46,468.0,10.11,1056.0,367.0,1561.0
41,12.95,465.0,10.77,1071.0,352.0,1549.0
42,12.27,413.0,11.54,947.0,317.0,1246.0
43,12.43,100.0,8.79,321.0,81.0,364.0
44,16.29,484.0,10.56,1196.0,365.0,1706.0
45,11.83,844.0,9.6,1603.0,549.0,3059.0
46,11.27,370.0,11.85,841.0,290.0,1141.0
47,13.88,85.0,8.77,256.0,79.0,283.0
48,12.8,220.0,10.6,635.0,180.0,762.0
49,16.53,131.0,7.83,429.0,117.0,493.0
50,13.07,905.0,9.13,1696.0,584.0,3078.0
51,14.74,220.0,8.5,679.0,190.0,824.0
52,18.38,73.0,9.37,264.0,71.0,287.0
53,10.77,128.0,9.35,413.0,119.0,459.0
54,14.36,1105.0,10.46,1632.0,713.0,3560.0
55,13.15,246.0,9.49,698.0,219.0,923.0
56,12.48,127.0,8.73,426.0,118.0,473.0
57,11.38,1128.0,9.48,1816.0,691.0,4139.0
58,12.12,681.0,10.01,1514.0,509.0,2350.0
59,13.98,232.0,11.6,617.0,203.0,742.0
60,13.56,730.0,10.72,1297.0,499.0,2324.0
61,10.94,1274.0,11.3,1696.0,712.0,3963.0
62,11.1,444.0,10.55,984.0,352.0,1318.0
63,11.96,464.0,14.25,846.0,338.0,1233.0
64,9.7,11.0,5.85,46.0,11.0,47.0
65,12.02,3170.0,11.08,2589.0,1165.0,9844.0
66,11.89,208.0,8.94,668.0,185.0,776.0
67,12.38,638.0,10.53,1249.0,465.0,1962.0
68,10.92,49.0,7.27,219.0,49.0,232.0
69,11.31,214.0,10.44,610.0,203.0,718.0
70,15.46,803.0,10.88,1427.0,536.0,2494.0
71,11.05,107.0,8.45,349.0,97.0,389.0
72,12.99,1413.0,9.86,1870.0,806.0,4931.0
73,12.81,1316.0,11.67,1990.0,802.0,4023.0
74,12.85,225.0,10.6,607.0,184.0,772.0
75,12.63,2639.0,9.77,2627.0,1071.0,9359.0
76,9.73,76.0,7.75,274.0,68.0,308.0
77,13.85,371.0,10.74,881.0,282.0,1185.0
78,18.38,678.0,10.88,1230.0,492.0,2072.0
79,12.76,408.0,8.74,1069.0,324.0,1612.0
80,13.28,685.0,9.85,1337.0,479.0,2451.0
81,14.02,2753.0,11.99,2338.0,1081.0,8048.0
82,16.32,137.0,10.42,391.0,124.0,453.0
83,11.82,225.0,11.75,577.0,214.0,699.0
84,14.95,426.0,11.88,911.0,322.0,1289.0
85,12.73,179.0,7.51,626.0,157.0,732.0
86,15.31,488.0,9.65,1050.0,372.0,1576.0
87,11.61,174.0,10.59,454.0,147.0,526.0
88,14.84,1435.0,9.33,2060.0,785.0,5282.0
89,12.0,313.0,9.56,912.0,253.0,1242.0
90,12.59,543.0,10.58,1095.0,413.0,1639.0
91,13.0,644.0,8.99,1321.0,444.0,2411.0
92,13.26,1197.0,10.72,1637.0,676.0,3644.0
93,13.07,746.0,11.35,1339.0,499.0,2390.0
94,16.53,456.0,9.64,968.0,322.0,1486.0
95,11.39,353.0,9.67,865.0,261.0,1204.0
96,14.47,1256.0,9.56,1992.0,732.0,4159.0
97,14.2,969.0,11.26,1459.0,598.0,2928.0
98,13.03,216.0,9.42,588.0,187.0,714.0
99,11.86,985.0,9.12,1845.0,613.0,3531.0
100,13.38,966.0,11.16,1455.0,587.0,2929.0
101,10.69,118.0,10.18,327.0,104.0,383.0
102,20.01,99.0,8.27,314.0,96.0,345.0
103,5.71,7.0,20.11,19.0,7.0,19.0
104,11.31,482.0,8.0,1152.0,364.0,1872.0
105,10.77,216.0,9.58,587.0,188.0,736.0
106,12.67,1644.0,10.46,1893.0,821.0,5303.0
107,13.36,802.0,9.47,1571.0,547.0,2895.0
108,11.57,522.0,11.4,1108.0,374.0,1587.0
109,11.85,815.0,11.1,1469.0,551.0,2416.0
110,12.8,94.0,8.1,314.0,93.0,345.0
111,16.12,514.0,10.56,1089.0,368.0,1648.0
112,14.88,57.0,9.3,163.0,57.0,171.0
113,11.8,1357.0,10.33,2088.0,770.0,4644.0
114,12.09,827.0,10.3,1554.0,546.0,2794.0
115,16.89,391.0,11.28,995.0,316.0,1283.0
116,11.77,292.0,11.25,690.0,246.0,896.0
117,12.18,669.0,9.3,1381.0,486.0,2274.0
118,11.7,1321.0,9.33,1876.0,735.0,4778.0
119,11.24,856.0,9.25,1775.0,558.0,3239.0
120,14.37,787.0,9.38,1595.0,510.0,2930.0
121,11.48,58.0,8.27,220.0,57.0,234.0
122,15.28,230.0,12.88,542.0,194.0,617.0
123,15.09,285.0,9.78,792.0,238.0,1034.0
124,12.28,2310.0,9.54,2288.0,1005.0,8353.0
125,14.19,683.0,8.25,1574.0,459.0,2601.0
126,13.42,683.0,10.49,1368.0,479.0,2107.0
127,11.95,104.0,8.94,332.0,103.0,365.0
128,12.14,2702.0,11.38,2509.0,1094.0,8382.0
129,13.62,334.0,9.41,789.0,277.0,1031.0
130,12.52,1799.0,10.46,2000.0,885.0,5834.0
131,12.77,839.0,9.53,1525.0,578.0,3032.0
132,11.13,102.0,8.89,379.0,99.0,419.0
133,17.31,103.0,6.73,443.0,96.0,501.0
134,12.16,425.0,10.15,1013.0,350.0,1425.0
135,12.96,1103.0,10.39,1579.0,625.0,3582.0
136,14.32,241.0,9.13,721.0,205.0,927.0
137,10.16,57.0,10.94,180.0,57.0,189.0
138,12.32,305.0,8.98,835.0,254.0,1099.0
139,12.24,1661.0,10.09,1959.0,864.0,5549.0
140,10.56,74.0,10.57,238.0,70.0,256.0
141,11.72,460.0,9.32,1094.0,373.0,1596.0
142,12.65,161.0,8.08,530.0,141.0,606.0
143,10.84,289.0,10.78,795.0,240.0,971.0
144,12.95,770.0,10.37,1340.0,477.0,2589.0
145,17.56,33.0,7.55,133.0,28.0,140.0
146,11.41,112.0,8.09,391.0,106.0,425.0
147,13.37,1727.0,10.09,1987.0,899.0,5770.0
148,13.56,551.0,8.22,1428.0,408.0,2148.0
149,12.1,97.0,13.8,209.0,76.0,244.0
150,11.7,692.0,12.26,1379.0,464.0,2204.0
151,8.78,45.0,15.17,117.0,45.0,119.0
152,11.07,245.0,10.15,615.0,221.0,792.0
153,13.88,666.0,9.12,1448.0,500.0,2469.0
154,8.96,63.0,8.99,175.0,59.0,186.0
155,13.3,607.0,10.93,1238.0,461.0,1939.0
156,6.39,1.0,3.0,8.0,1.0,8.0
157,12.05,381.0,10.82,916.0,305.0,1237.0
158,14.31,216.0,10.31,593.0,184.0,699.0
159,12.31,1401.0,10.08,2089.0,811.0,4590.0
160,11.3,953.0,10.75,1481.0,599.0,2972.0
161,9.38,27.0,9.16,76.0,24.0,81.0
162,13.94,1177.0,8.37,2129.0,728.0,4567.0
163,12.83,1056.0,10.82,1857.0,655.0,3637.0
164,11.55,20.0,14.96,66.0,15.0,72.0
165,12.37,1075.0,9.95,1869.0,675.0,3677.0
166,13.27,649.0,9.87,1294.0,471.0,2149.0
167,12.13,231.0,9.36,643.0,199.0,824.0
168,14.73,96.0,13.47,238.0,90.0,261.0
169,9.26,55.0,7.21,246.0,55.0,261.0
170,12.24,1121.0,9.9,1715.0,610.0,3636.0
171,15.61,219.0,10.59,578.0,172.0,700.0
172,14.57,579.0,11.19,1070.0,404.0,1694.0
173,10.57,178.0,11.42,467.0,158.0,530.0
174,13.76,1220.0,10.46,1789.0,679.0,3958.0
175,13.83,902.0,10.46,1545.0,561.0,2952.0
176,12.86,761.0,9.34,1505.0,546.0,2680.0
177,13.39,244.0,8.51,656.0,196.0,864.0
178,12.46,1191.0,9.88,1845.0,648.0,4189.0
179,12.52,2905.0,9.77,2660.0,1149.0,10219.0
180,12.69,1154.0,11.19,1831.0,674.0,3589.0
181,11.49,168.0,10.07,450.0,147.0,539.0
182,9.16,41.0,6.32,234.0,37.0,255.0
183,12.87,688.0,11.51,1405.0,482.0,2154.0
184,13.51,156.0,8.4,464.0,142.0,567.0
185,13.91,923.0,10.43,1505.0,583.0,3055.0
186,12.2,1477.0,9.36,1949.0,793.0,5252.0
187,14.62,247.0,9.4,649.0,194.0,887.0
188,12.04,255.0,10.83,710.0,210.0,896.0
189,11.08,222.0,11.07,599.0,183.0,735.0
190,13.68,261.0,8.06,817.0,228.0,1061.0
191,13.33,2060.0,10.16,2242.0,946.0,6817.0
192,12.85,1463.0,11.05,1784.0,760.0,4438.0
193,12.95,1860.0,9.83,2364.0,894.0,6410.0
194,13.59,821.0,9.8,1618.0,538.0,2763.0
195,13.64,1520.0,9.54,2181.0,855.0,5171.0
196,11.64,70.0,10.63,220.0,64.0,235.0
197,13.79,253.0,8.84,795.0,223.0,1004.0
198,14.41,431.0,9.97,1072.0,327.0,1474.0
199,11.71,505.0,11.38,1043.0,396.0,1551.0
200,11.85,176.0,12.8,488.0,154.0,564.0
201,10.35,289.0,10.02,721.0,228.0,993.0
202,14.26,1689.0,10.17,2080.0,823.0,5706.0
203,12.36,160.0,9.48,487.0,131.0,560.0
204,13.57,683.0,9.75,1299.0,483.0,2345.0
205,12.26,1657.0,10.63,2169.0,868.0,5360.0
206,26.85,51.0,16.51,120.0,46.0,126.0
207,13.87,300.0,13.43,613.0,244.0,774.0
208,15.23,468.0,10.42,1056.0,363.0,1546.0
209,14.38,631.0,9.6,1273.0,433.0,2078.0
210,14.64,264.0,10.21,714.0,211.0,880.0
211,15.39,1298.0,10.91,1811.0,752.0,3976.0
212,12.64,346.0,9.51,849.0,303.0,1196.0
213,11.52,1370.0,10.05,1851.0,750.0,4628.0
214,10.96,408.0,8.25,1050.0,316.0,1606.0
215,14.47,426.0,11.34,978.0,326.0,1315.0
216,11.68,109.0,9.03,403.0,106.0,437.0
217,11.7,812.0,9.02,1427.0,545.0,2779.0
218,10.55,135.0,11.09,370.0,116.0,430.0
219,12.84,497.0,11.34,1124.0,355.0,1629.0
220,12.56,936.0,9.59,1751.0,571.0,3183.0
221,15.48,307.0,10.89,748.0,242.0,1015.0
222,11.28,472.0,9.3,1149.0,355.0,1580.0
223,12.31,426.0,8.21,1166.0,348.0,1595.0
224,14.83,1807.0,10.04,2197.0,876.0,6400.0
225,14.42,252.0,10.77,644.0,204.0,781.0
226,11.48,226.0,7.93,633.0,187.0,790.0
227,14.98,251.0,10.9,583.0,193.0,743.0
228,11.2,366.0,10.08,936.0,288.0,1234.0
229,13.82,1664.0,11.01,2128.0,826.0,5138.0
230,11.61,701.0,9.71,1309.0,485.0,2328.0
231,13.69,622.0,8.03,1274.0,447.0,2291.0
232,13.63,361.0,10.44,906.0,301.0,1172.0
233,10.92,448.0,10.02,1015.0,319.0,1625.0
234,11.81,515.0,10.31,1078.0,389.0,1714.0
235,19.41,256.0,9.56,701.0,209.0,889.0
236,12.26,325.0,10.01,799.0,266.0,1087.0
237,13.08,1099.0,10.02,1611.0,665.0,3560.0
238,11.16,2667.0,10.56,2282.0,1060.0,8655.0
239,12.96,214.0,10.33,570.0,193.0,716.0
240,11.96,76.0,14.05,198.0,75.0,214.0
241,12.94,793.0,9.6,1420.0,532.0,2775.0
242,12.59,179.0,7.97,577.0,156.0,680.0
243,15.09,339.0,11.5,732.0,246.0,1005.0
244,13.85,1260.0,10.6,1884.0,741.0,4099.0
245,13.1,2779.0,10.93,2578.0,1080.0,8860.0
246,13.51,781.0,10.09,1377.0,541.0,2493.0
247,11.38,374.0,10.42,813.0,296.0,1204.0
248,11.61,497.0,10.88,1007.0,380.0,1616.0
249,13.55,1189.0,10.35,1664.0,678.0,3876.0
250,9.93,120.0,9.39,384.0,113.0,437.0
251,13.15,249.0,7.92,766.0,218.0,960.0
252,13.59,1774.0,10.74,2063.0,878.0,5671.0
253,11.19,332.0,10.48,821.0,259.0,1099.0
254,13.12,15.0,9.59,50.0,15.0,51.0
255,16.68,1151.0,10.24,1789.0,692.0,3900.0
256,31.58,46.0,13.3,113.0,41.0,121.0
257,12.92,490.0,9.83,1163.0,385.0,1612.0
258,11.05,219.0,9.27,601.0,209.0,723.0
259,10.26,100.0,8.3,359.0,100.0,395.0
260,14.89,70.0,16.89,159.0,62.0,178.0
261,13.41,905.0,11.69,1455.0,574.0,2907.0
262,13.76,993.0,10.46,1766.0,612.0,3404.0
263,16.97,542.0,8.85,1133.0,393.0,1896.0
264,17.55,233.0,10.06,658.0,210.0,785.0
265,17.42,92.0,7.5,383.0,90.0,419.0
266,10.99,31.0,8.46,133.0,25.0,140.0
267,11.76,549.0,8.96,1310.0,414.0,1971.0
268,13.26,1645.0,9.71,2057.0,861.0,5341.0
269,11.56,1258.0,9.34,2083.0,705.0,4480.0
270,12.44,132.0,9.65,348.0,124.0,380.0
271,13.83,339.0,9.19,919.0,284.0,1313.0
272,12.37,87.0,9.9,289.0,84.0,316.0
273,11.79,2821.0,9.45,2452.0,1145.0,10151.0
274,13.37,1270.0,9.98,1810.0,758.0,4425.0
275,13.22,1199.0,9.89,1884.0,674.0,4245.0
276,14.84,786.0,11.22,1481.0,513.0,2367.0
277,13.15,1728.0,10.93,2033.0,859.0,5438.0
278,11.51,1552.0,9.87,1983.0,851.0,5474.0
279,13.92,1401.0,10.16,1995.0,775.0,4720.0
280,14.94,93.0,7.11,331.0,85.0,369.0
281,11.96,729.0,10.73,1395.0,472.0,2368.0
282,11.99,315.0,11.18,746.0,272.0,942.0
283,17.99,64.0,9.86,219.0,54.0,240.0
284,15.3,443.0,8.85,1061.0,355.0,1562.0
285,10.75,93.0,8.6,326.0,90.0,357.0
286,10.64,218.0,9.66,611.0,176.0,737.0
287,12.57,77.0,13.48,195.0,70.0,212.0
288,13.88,543.0,10.67,1074.0,391.0,1695.0
289,17.82,12.0,4.98,56.0,12.0,58.0
290,11.0,655.0,9.71,1292.0,450.0,2357.0
291,13.79,739.0,10.54,1292.0,477.0,2422.0
292,7.19,10.0,13.12,43.0,10.0,43.0
293,14.74,233.0,8.27,658.0,180.0,886.0
294,13.15,350.0,10.83,744.0,274.0,1048.0
295,14.2,1074.0,10.72,1567.0,627.0,3494.0
296,11.82,291.0,9.04,865.0,264.0,1110.0
297,17.75,92.0,10.29,262.0,81.0,298.0
298,12.44,287.0,8.68,814.0,254.0,1121.0
299,8.9,27.0,14.11,76.0,23.0,81.0
300,9.46,37.0,14.34,91.0,37.0,92.0
301,13.56,549.0,10.48,1178.0,413.0,1698.0
302,10.09,23.0,5.58,89.0,23.0,90.0
303,15.07,1767.0,9.67,2227.0,872.0,6319.0
304,12.79,2532.0,10.58,2534.0,1044.0,8225.0
305,9.53,97.0,11.38,277.0,83.0,315.0
306,13.27,1319.0,9.48,2109.0,762.0,4721.0
307,12.41,724.0,10.47,1531.0,497.0,2541.0
308,12.39,292.0,9.83,805.0,239.0,1054.0
309,11.9,146.0,11.79,378.0,132.0,452.0
310,18.15,490.0,9.29,1180.0,387.0,1775.0
311,13.19,776.0,10.01,1485.0,534.0,2625.0
312,11.37,602.0,9.11,1380.0,414.0,2171.0
313,12.03,493.0,10.21,1036.0,373.0,1626.0
314,13.04,527.0,8.41,1252.0,421.0,2142.0
315,14.16,1712.0,10.75,1882.0,862.0,5174.0
316,13.93,1079.0,11.08,1624.0,665.0,3386.0
317,12.4,1081.0,9.88,1785.0,647.0,3759.0
318,10.97,432.0,9.7,1020.0,305.0,1393.0
319,11.46,600.0,10.31,1180.0,428.0,1991.0
320,12.31,160.0,11.02,446.0,147.0,527.0
321,14.58,361.0,11.27,867.0,290.0,1150.0
322,10.47,127.0,9.32,431.0,113.0,484.0
323,10.98,1126.0,9.52,1981.0,683.0,3974.0
324,9.93,361.0,13.14,803.0,266.0,1064.0
325,13.81,1271.0,9.55,1941.0,717.0,4495.0
326,14.82,220.0,10.54,662.0,192.0,805.0
327,11.05,76.0,7.83,252.0,75.0,272.0
328,12.12,418.0,11.22,989.0,322.0,1369.0
329,10.07,480.0,8.73,1139.0,365.0,1821.0
330,14.15,672.0,11.11,1222.0,468.0,2153.0
331,14.25,536.0,9.47,1126.0,386.0,1918.0
332,11.71,796.0,10.03,1496.0,563.0,2810.0
333,13.46,551.0,9.07,1343.0,402.0,2174.0
334,13.25,857.0,9.95,1516.0,563.0,2932.0
335,15.62,711.0,10.53,1360.0,485.0,2269.0
336,13.13,954.0,8.39,1730.0,569.0,3499.0
337,14.39,225.0,9.93,594.0,205.0,735.0
338,18.96,173.0,12.03,458.0,149.0,538.0
339,12.86,739.0,9.61,1511.0,498.0,2483.0
340,17.6,382.0,9.18,1056.0,318.0,1497.0
341,11.7,563.0,8.61,1351.0,411.0,2139.0
342,12.23,140.0,9.5,474.0,129.0,537.0
343,13.77,769.0,10.52,1430.0,521.0,2513.0
344,15.55,636.0,9.55,1403.0,474.0,2286.0
345,12.71,183.0,11.39,483.0,162.0,591.0
346,13.24,311.0,10.82,857.0,257.0,1076.0
347,12.83,346.0,8.98,966.0,300.0,1328.0
348,11.02,180.0,9.72,547.0,146.0,665.0
349,13.71,2607.0,11.24,2513.0,1058.0,8186.0
350,10.83,312.0,9.92,803.0,262.0,1101.0
351,16.85,85.0,6.72,375.0,75.0,411.0
352,13.01,1798.0,10.06,2378.0,884.0,6333.0
353,13.75,927.0,9.96,1614.0,584.0,2865.0
354,12.52,1507.0,10.02,2065.0,794.0,5252.0
355,13.06,46.0,8.05,180.0,46.0,182.0
356,13.79,1499.0,10.17,2089.0,793.0,5170.0
357,13.98,1583.0,10.62,2163.0,829.0,5124.0
358,11.31,52.0,9.82,156.0,51.0,171.0
359,12.75,491.0,9.34,1077.0,376.0,1699.0
360,12.7,507.0,10.87,1100.0,380.0,1652.0
361,12.36,406.0,8.55,1016.0,303.0,1466.0
362,13.16,1244.0,10.31,1868.0,749.0,4114.0
363,14.05,1401.0,10.27,2095.0,791.0,4686.0
364,11.86,843.0,11.15,1524.0,542.0,2749.0
365,14.74,1267.0,10.62,1725.0,745.0,4215.0
366,10.09,32.0,16.33,72.0,28.0,76.0
367,15.33,269.0,10.3,770.0,227.0,931.0
368,13.3,932.0,10.4,1608.0,588.0,3070.0
369,13.04,283.0,10.96,659.0,250.0,848.0
370,12.75,93.0,10.68,275.0,87.0,315.0
371,12.96,715.0,9.09,1419.0,504.0,2709.0
372,14.43,149.0,9.74,481.0,142.0,537.0
373,13.45,1961.0,11.13,2323.0,922.0,6135.0
374,9.63,183.0,9.53,528.0,150.0,673.0
375,8.82,38.0,8.93,112.0,38.0,112.0
376,11.72,2893.0,9.22,2695.0,1139.0,10678.0
377,11.27,65.0,12.45,151.0,52.0,174.0
378,10.84,142.0,11.8,367.0,130.0,423.0
379,12.83,583.0,11.01,1126.0,428.0,1787.0
380,14.63,965.0,12.03,1506.0,600.0,2750.0
381,12.31,645.0,10.58,1258.0,476.0,2123.0
382,15.31,629.0,10.18,1295.0,437.0,2164.0
383,13.07,665.0,10.49,1330.0,456.0,2144.0
384,11.82,379.0,10.65,814.0,281.0,1171.0
385,13.1,1314.0,9.64,1975.0,763.0,4520.0
386,12.4,226.0,12.42,572.0,163.0,694.0
387,12.22,810.0,10.13,1558.0,502.0,2903.0
388,11.76,45.0,7.72,177.0,45.0,187.0
390,6.14,1.0,5.4,5.0,1.0,5.0
391,11.83,501.0,11.46,1075.0,395.0,1644.0
392,11.86,128.0,8.74,413.0,116.0,464.0
393,10.05,243.0,11.31,611.0,201.0,758.0
394,11.62,349.0,9.73,858.0,282.0,1197.0
395,13.53,327.0,9.99,761.0,274.0,1061.0
396,14.02,615.0,9.9,1368.0,430.0,2064.0
397,12.71,1428.0,9.51,2032.0,792.0,5134.0
398,11.32,597.0,12.23,1126.0,415.0,1726.0
399,14.08,1003.0,9.23,1915.0,642.0,3782.0
400,12.55,2611.0,11.23,2365.0,1065.0,8309.0
401,12.8,420.0,9.41,1175.0,355.0,1571.0
402,13.72,692.0,8.87,1466.0,466.0,2581.0
403,10.88,262.0,11.05,703.0,220.0,874.0
404,14.43,719.0,12.2,1300.0,477.0,2055.0
405,12.98,127.0,11.75,303.0,109.0,347.0
406,16.58,565.0,10.28,1238.0,416.0,1939.0
407,14.62,500.0,7.86,1217.0,359.0,1934.0
408,13.06,790.0,10.11,1547.0,563.0,2832.0
409,6.3,7.0,9.7,30.0,7.0,30.0
410,13.35,317.0,10.5,827.0,263.0,1038.0
411,12.39,1351.0,8.94,2157.0,761.0,4884.0
412,11.55,573.0,9.99,1336.0,423.0,1998.0
413,13.13,562.0,11.54,1209.0,446.0,1815.0
414,13.99,788.0,10.44,1469.0,541.0,2589.0
415,9.32,135.0,13.89,279.0,109.0,327.0
416,13.56,645.0,12.21,1121.0,456.0,1722.0
417,12.65,797.0,11.15,1429.0,495.0,2514.0
418,12.29,152.0,7.62,495.0,137.0,582.0
419,13.54,1669.0,11.0,2015.0,853.0,5148.0
420,12.39,29.0,11.75,125.0,29.0,128.0
421,11.22,48.0,9.73,174.0,48.0,184.0
422,15.24,1493.0,10.5,1962.0,799.0,4710.0
423,12.46,756.0,11.55,1461.0,495.0,2374.0
424,15.55,1427.0,10.35,1805.0,774.0,4589.0
425,12.33,1011.0,11.67,1591.0,640.0,3038.0
426,12.84,999.0,9.23,1718.0,621.0,3508.0
427,12.49,971.0,9.13,1834.0,597.0,3512.0
428,13.66,2450.0,10.08,2392.0,1023.0,8312.0
429,11.03,951.0,9.57,1561.0,571.0,3363.0
430,17.23,777.0,10.0,1459.0,509.0,2521.0
431,12.41,413.0,9.85,928.0,307.0,1306.0
432,11.33,2310.0,9.64,2551.0,997.0,8347.0
433,12.14,1395.0,9.71,1908.0,769.0,4918.0
434,13.37,50.0,7.41,166.0,45.0,180.0
435,11.7,443.0,9.18,1176.0,346.0,1670.0
436,12.91,806.0,9.09,1441.0,549.0,2854.0
437,11.72,295.0,8.01,869.0,248.0,1171.0
438,12.76,375.0,11.61,804.0,308.0,1097.0
439,13.37,1564.0,10.66,1921.0,833.0,5108.0
440,13.2,1324.0,10.21,1893.0,763.0,4238.0
441,11.21,212.0,11.3,524.0,190.0,659.0
442,13.36,359.0,11.53,839.0,275.0,1133.0
443,13.51,974.0,10.97,1464.0,624.0,2982.0
444,11.76,791.0,11.4,1518.0,530.0,2525.0
445,11.38,349.0,9.77,921.0,285.0,1230.0
446,14.38,226.0,10.61,592.0,185.0,795.0
447,13.66,846.0,11.19,1445.0,548.0,2580.0
448,11.17,394.0,9.54,990.0,322.0,1423.0
449,13.94,355.0,8.64,926.0,301.0,1334.0
450,11.73,370.0,9.43,902.0,291.0,1296.0
451,13.99,2039.0,9.96,2440.0,985.0,6930.0
452,11.94,169.0,10.35,461.0,163.0,518.0
453,13.63,2185.0,10.57,2113.0,1001.0,6950.0
454,14.15,13.0,4.09,65.0,13.0,67.0
455,12.39,410.0,10.92,950.0,333.0,1320.0
456,11.61,674.0,8.76,1519.0,487.0,2479.0
457,11.21,132.0,13.63,353.0,114.0,391.0
458,12.56,851.0,9.12,1635.0,567.0,3164.0
459,14.67,58.0,12.29,168.0,52.0,180.0
460,13.51,513.0,9.26,1251.0,412.0,1823.0
461,11.81,580.0,10.24,1282.0,409.0,1951.0
462,13.14,697.0,9.73,1338.0,497.0,2402.0
464,14.53,200.0,10.54,514.0,167.0,621.0
465,12.31,1070.0,9.64,1809.0,660.0,3742.0
466,13.5,1473.0,10.18,1839.0,799.0,4789.0
467,13.3,1115.0,9.6,1849.0,692.0,3847.0
468,14.67,922.0,9.74,1828.0,600.0,3294.0
469,13.32,3040.0,10.32,2455.0,1130.0,9836.0
470,12.68,1320.0,10.65,1993.0,749.0,4169.0
471,10.88,101.0,7.52,384.0,92.0,425.0
472,10.47,19.0,8.38,77.0,19.0,78.0
473,12.13,613.0,10.6,1212.0,431.0,1880.0
474,9.21,70.0,9.54,214.0,65.0,236.0
475,12.63,1097.0,10.21,1766.0,657.0,4000.0
476,11.24,457.0,11.93,1012.0,346.0,1388.0
477,30.32,132.0,10.84,336.0,126.0,374.0
478,11.15,168.0,6.39,524.0,145.0,664.0
479,14.17,557.0,11.22,1202.0,403.0,1751.0
480,12.9,824.0,10.97,1384.0,546.0,2625.0
481,15.36,829.0,10.29,1697.0,541.0,2984.0
482,9.64,106.0,9.12,348.0,94.0,402.0
483,14.51,583.0,10.44,1257.0,410.0,1901.0
484,14.93,948.0,10.26,1527.0,609.0,3249.0
485,13.64,1227.0,9.57,2021.0,693.0,4325.0
486,13.44,761.0,11.68,1353.0,474.0,2304.0
487,14.39,269.0,10.44,706.0,219.0,909.0
488,10.88,23.0,7.04,72.0,19.0,80.0
489,15.41,128.0,9.66,425.0,120.0,468.0
490,12.58,1502.0,10.29,1893.0,794.0,4960.0
491,12.12,861.0,10.13,1467.0,570.0,2862.0
492,15.86,1124.0,9.76,1809.0,679.0,4055.0
493,15.85,528.0,11.33,1101.0,413.0,1530.0
494,12.75,878.0,10.92,1384.0,538.0,2667.0
495,12.73,544.0,9.39,1133.0,410.0,1869.0
496,11.32,357.0,10.73,857.0,284.0,1100.0
497,14.36,1380.0,8.71,2227.0,785.0,5135.0
498,12.02,345.0,9.11,847.0,291.0,1192.0
499,12.2,278.0,11.16,681.0,245.0,843.0
500,11.42,1957.0,9.17,2193.0,910.0,7470.0
501,13.72,229.0,11.06,615.0,201.0,755.0
502,12.52,706.0,8.79,1536.0,479.0,2713.0
503,12.4,170.0,9.4,562.0,164.0,650.0
504,14.51,391.0,9.28,908.0,319.0,1272.0
505,10.72,252.0,10.94,672.0,216.0,866.0
506,12.33,842.0,10.31,1464.0,575.0,2660.0
507,14.37,1015.0,8.9,1865.0,635.0,3565.0
508,11.45,159.0,9.25,490.0,136.0,548.0
509,13.31,2369.0,10.85,2277.0,1010.0,7356.0
510,11.95,148.0,11.47,411.0,143.0,472.0
511,12.19,2491.0,9.2,2431.0,1054.0,9048.0
512,13.29,210.0,9.75,553.0,176.0,694.0
513,14.21,512.0,9.37,1180.0,367.0,1813.0
514,16.03,723.0,10.94,1263.0,477.0,2333.0
515,12.21,1134.0,11.01,1620.0,676.0,3550.0
516,12.36,326.0,10.65,858.0,251.0,1094.0
517,16.52,1242.0,10.17,1837.0,684.0,4160.0
518,11.96,323.0,8.62,940.0,257.0,1274.0
519,13.87,397.0,9.94,927.0,314.0,1298.0
520,13.72,2484.0,9.33,2436.0,1038.0,8997.0
521,9.6,220.0,8.14,716.0,179.0,872.0
522,10.79,99.0,10.21,277.0,74.0,321.0
523,10.67,142.0,12.31,377.0,123.0,430.0
524,12.74,505.0,9.08,1246.0,393.0,1914.0
525,14.75,414.0,8.78,1021.0,341.0,1518.0
526,12.97,1344.0,10.39,1824.0,742.0,4556.0
527,12.17,367.0,10.33,887.0,311.0,1248.0
528,10.41,372.0,8.3,978.0,311.0,1522.0
529,14.03,379.0,11.25,894.0,309.0,1155.0
530,14.79,380.0,10.51,950.0,295.0,1329.0
531,12.82,816.0,9.64,1705.0,547.0,3014.0
532,13.95,149.0,10.57,378.0,118.0,468.0
533,13.11,982.0,10.28,1808.0,661.0,3365.0
534,10.94,498.0,11.12,1180.0,365.0,1666.0
535,13.73,219.0,11.6,529.0,186.0,668.0
536,11.01,908.0,8.08,1681.0,581.0,3737.0
537,11.02,359.0,8.25,1072.0,293.0,1484.0
538,12.49,687.0,10.14,1411.0,490.0,2206.0
539,13.39,324.0,10.46,785.0,269.0,1012.0
540,13.04,412.0,9.44,983.0,305.0,1463.0
541,13.83,540.0,11.04,1097.0,384.0,1643.0
542,12.68,851.0,9.81,1434.0,523.0,2907.0
543,12.56,1344.0,8.57,2191.0,803.0,5096.0
544,12.79,814.0,9.77,1590.0,546.0,2943.0
545,12.18,371.0,10.5,832.0,295.0,1162.0
546,12.08,290.0,9.46,715.0,226.0,924.0
547,13.75,396.0,10.0,978.0,302.0,1367.0
548,15.14,409.0,10.28,879.0,322.0,1273.0
549,12.82,1493.0,10.71,2136.0,839.0,4786.0
550,16.19,106.0,7.81,324.0,98.0,355.0
551,14.52,237.0,10.22,671.0,208.0,787.0
552,12.77,1375.0,10.52,1801.0,743.0,4599.0
553,11.27,311.0,10.65,722.0,269.0,910.0
554,10.38,462.0,11.03,1111.0,359.0,1557.0
555,14.0,1355.0,10.99,1837.0,775.0,4159.0
556,17.46,1056.0,9.69,1779.0,641.0,3703.0
557,12.25,425.0,11.01,958.0,333.0,1436.0
558,17.1,85.0,8.27,273.0,77.0,300.0
559,17.48,123.0,10.85,372.0,116.0,423.0
560,14.92,191.0,12.03,509.0,167.0,593.0
561,13.2,281.0,10.86,746.0,238.0,950.0
562,16.16,590.0,12.65,1065.0,406.0,1581.0
563,13.35,370.0,9.37,941.0,283.0,1326.0
564,12.8,746.0,11.66,1302.0,542.0,2216.0
565,10.61,186.0,11.02,465.0,156.0,555.0
566,14.03,1215.0,9.29,1979.0,719.0,4118.0
567,10.78,15.0,14.91,45.0,15.0,45.0
568,13.06,1302.0,9.04,2027.0,744.0,4730.0
569,14.82,440.0,8.84,1166.0,345.0,1651.0
570,13.67,1302.0,9.13,2051.0,729.0,5005.0
571,12.32,2443.0,10.44,2343.0,1043.0,7928.0
572,12.17,1195.0,9.47,1687.0,702.0,3917.0
573,11.0,264.0,11.72,573.0,191.0,736.0
574,13.41,617.0,8.47,1454.0,441.0,2325.0
575,12.04,1290.0,8.87,2104.0,747.0,4731.0
576,13.98,341.0,10.37,844.0,267.0,1149.0
577,12.38,605.0,9.22,1368.0,434.0,2097.0
578,13.85,1918.0,11.1,1960.0,924.0,5745.0
579,10.84,210.0,10.99,571.0,179.0,673.0
580,10.26,109.0,10.93,272.0,94.0,302.0
581,13.23,641.0,9.6,1435.0,500.0,2198.0
582,12.07,644.0,10.19,1204.0,426.0,2202.0
583,12.83,1166.0,11.21,1719.0,672.0,3674.0
584,16.4,40.0,8.65,168.0,39.0,172.0
585,11.79,180.0,8.06,548.0,167.0,667.0
586,9.38,76.0,9.06,256.0,69.0,267.0
587,13.89,2212.0,11.08,2187.0,994.0,6773.0
588,9.39,222.0,14.06,500.0,163.0,613.0
589,12.82,617.0,8.85,1424.0,468.0,2331.0
590,15.29,706.0,11.22,1297.0,520.0,2122.0
591,12.21,151.0,8.94,455.0,132.0,512.0
592,12.36,1341.0,9.88,1739.0,752.0,4360.0
594,13.22,968.0,9.7,1823.0,616.0,3378.0
595,14.53,835.0,11.31,1457.0,546.0,2577.0
596,13.88,41.0,11.61,128.0,36.0,135.0
597,15.87,440.0,10.86,984.0,326.0,1293.0
598,11.42,698.0,10.23,1364.0,479.0,2183.0
599,12.33,1243.0,10.29,1702.0,715.0,3969.0
600,14.64,637.0,10.17,1353.0,436.0,2187.0
601,12.23,437.0,9.41,1098.0,348.0,1554.0
602,13.18,358.0,9.47,829.0,273.0,1201.0
603,11.79,397.0,11.66,898.0,293.0,1236.0
604,11.0,101.0,11.23,263.0,92.0,290.0
605,12.43,593.0,9.5,1404.0,434.0,2126.0
606,13.42,256.0,7.51,712.0,234.0,921.0
607,13.14,135.0,8.96,377.0,117.0,438.0
608,13.97,596.0,9.96,1266.0,445.0,2075.0
609,15.98,187.0,8.58,609.0,169.0,690.0
610,14.71,1561.0,10.19,2095.0,844.0,5294.0
611,11.2,190.0,8.17,663.0,170.0,785.0
612,11.37,311.0,10.04,825.0,250.0,1075.0
613,13.14,1561.0,10.85,1840.0,802.0,4861.0
614,10.26,207.0,10.28,633.0,178.0,738.0
615,15.71,565.0,8.69,1483.0,433.0,2314.0
616,13.41,136.0,11.12,387.0,132.0,417.0
617,12.24,320.0,9.21,905.0,276.0,1147.0
618,11.82,38.0,15.14,100.0,38.0,101.0
619,11.19,250.0,10.33,679.0,210.0,886.0
620,10.46,366.0,10.86,834.0,288.0,1165.0
621,13.31,3576.0,9.67,2770.0,1285.0,12794.0
622,12.79,464.0,8.49,1185.0,359.0,1769.0
623,12.96,186.0,11.43,492.0,170.0,605.0
624,13.67,598.0,9.77,1359.0,424.0,2077.0
625,12.53,248.0,8.56,718.0,203.0,900.0
626,12.42,976.0,9.91,1522.0,617.0,3234.0
627,12.78,148.0,9.26,467.0,134.0,530.0
628,13.82,1978.0,11.67,2152.0,949.0,6160.0
629,13.47,420.0,12.17,873.0,317.0,1226.0
630,10.37,397.0,8.57,1030.0,318.0,1560.0
631,12.66,551.0,10.91,1067.0,384.0,1754.0
632,14.66,655.0,9.36,1410.0,458.0,2356.0
633,10.76,90.0,8.28,355.0,89.0,388.0
634,13.09,1682.0,9.93,2248.0,865.0,5635.0
635,9.88,77.0,14.78,145.0,67.0,161.0
636,12.64,1400.0,10.56,1767.0,738.0,4593.0
637,13.15,2845.0,11.01,2247.0,1111.0,8786.0
638,11.27,447.0,11.1,1046.0,353.0,1456.0
639,15.72,323.0,11.96,773.0,255.0,1013.0
640,10.18,364.0,9.75,892.0,285.0,1256.0
641,11.84,776.0,10.4,1352.0,504.0,2463.0
642,10.85,343.0,10.12,866.0,278.0,1127.0
643,12.73,2240.0,9.86,2154.0,1004.0,7531.0
644,15.81,979.0,10.28,1596.0,607.0,3060.0
645,18.24,998.0,9.44,1705.0,639.0,3495.0
646,12.56,136.0,10.9,365.0,124.0,414.0
647,15.19,210.0,9.19,649.0,190.0,785.0
648,13.2,868.0,10.25,1683.0,566.0,2894.0
649,11.25,94.0,11.82,232.0,93.0,244.0
650,10.86,534.0,9.35,1208.0,393.0,1867.0
651,11.29,148.0,11.54,403.0,132.0,450.0
652,11.59,313.0,10.0,901.0,270.0,1127.0
653,11.14,660.0,10.38,1288.0,464.0,2183.0
654,15.17,344.0,11.18,814.0,263.0,1106.0
655,11.07,684.0,10.16,1474.0,483.0,2335.0
656,9.07,77.0,16.51,173.0,67.0,187.0
657,15.63,216.0,8.92,590.0,195.0,707.0
658,13.19,1760.0,10.5,2112.0,920.0,5834.0
659,16.3,77.0,9.27,263.0,68.0,287.0
660,15.74,403.0,8.8,1016.0,297.0,1486.0
661,11.86,465.0,10.27,1032.0,372.0,1584.0
662,14.08,1863.0,10.55,2137.0,898.0,5892.0
663,13.65,73.0,7.69,242.0,57.0,279.0
664,10.5,102.0,12.56,260.0,86.0,296.0
665,11.84,27.0,9.96,98.0,27.0,105.0
666,13.77,973.0,10.11,1580.0,620.0,3397.0
667,12.89,1855.0,10.09,2036.0,908.0,6310.0
668,13.03,1010.0,10.3,1658.0,630.0,3252.0
669,12.3,273.0,9.85,704.0,230.0,931.0
670,12.28,50.0,6.33,184.0,50.0,198.0
671,13.56,620.0,10.18,1165.0,401.0,2051.0
672,16.39,416.0,8.92,940.0,311.0,1433.0
673,11.35,361.0,9.55,871.0,285.0,1241.0
674,13.37,259.0,10.17,688.0,219.0,841.0
675,12.15,679.0,11.05,1373.0,482.0,2171.0
676,10.29,369.0,9.22,979.0,298.0,1301.0
677,15.07,790.0,11.31,1561.0,553.0,2497.0
678,15.54,781.0,11.08,1404.0,522.0,2456.0
679,12.38,442.0,8.61,975.0,335.0,1484.0
680,14.13,1551.0,9.5,2291.0,847.0,5671.0
681,15.51,821.0,9.99,1439.0,568.0,2745.0
682,15.72,235.0,10.11,663.0,216.0,789.0
683,11.43,163.0,10.42,420.0,146.0,507.0
684,15.64,706.0,8.73,1458.0,465.0,2606.0
685,10.72,502.0,9.69,1048.0,371.0,1623.0
686,15.8,777.0,10.09,1363.0,521.0,2589.0
687,11.6,728.0,10.2,1284.0,483.0,2321.0
688,12.22,255.0,9.07,697.0,217.0,873.0
689,10.29,328.0,10.07,850.0,267.0,1138.0
690,13.05,826.0,10.83,1370.0,543.0,2591.0
691,9.89,650.0,10.37,1253.0,464.0,2153.0
692,13.94,739.0,9.8,1364.0,543.0,2474.0
693,15.03,145.0,9.16,415.0,131.0,501.0
694,11.36,308.0,10.48,782.0,256.0,1001.0
695,11.15,786.0,10.16,1606.0,519.0,2684.0
696,14.39,725.0,9.71,1518.0,516.0,2538.0
697,10.83,561.0,10.79,1272.0,440.0,1829.0
698,11.12,624.0,9.51,1376.0,453.0,2375.0
699,11.18,155.0,11.69,398.0,133.0,462.0
700,8.83,34.0,12.22,125.0,34.0,130.0
701,12.16,209.0,9.84,548.0,179.0,649.0
702,10.66,434.0,10.76,1047.0,346.0,1408.0
703,12.26,1442.0,9.53,2208.0,771.0,5182.0
704,12.49,1043.0,10.26,1660.0,662.0,3488.0
705,12.9,1972.0,10.04,2082.0,916.0,6640.0
706,10.11,212.0,11.29,599.0,186.0,708.0
707,13.62,1114.0,10.1,1656.0,705.0,3682.0
708,11.43,701.0,10.43,1360.0,490.0,2117.0
709,10.38,363.0,7.94,1034.0,326.0,1499.0
710,12.8,68.0,11.49,169.0,63.0,177.0
711,16.88,20.0,13.08,47.0,20.0,48.0
712,10.24,91.0,8.26,289.0,89.0,308.0
713,17.17,145.0,7.26,564.0,132.0,639.0
714,12.67,553.0,8.96,1381.0,409.0,2133.0
715,10.78,392.0,11.54,907.0,313.0,1270.0
716,11.26,1169.0,9.82,2007.0,682.0,4220.0
717,11.48,208.0,9.94,640.0,174.0,763.0
718,13.17,737.0,11.62,1293.0,501.0,2310.0
719,15.53,321.0,12.01,748.0,258.0,959.0
720,15.38,284.0,10.14,777.0,229.0,990.0
721,12.75,2390.0,9.55,2567.0,1039.0,8527.0
722,12.62,701.0,8.28,1464.0,508.0,2789.0
723,13.82,1261.0,10.67,1816.0,681.0,4002.0
724,14.29,2966.0,9.87,2463.0,1167.0,9826.0
725,15.0,1017.0,10.86,1567.0,624.0,3299.0
726,12.07,1370.0,9.74,2088.0,766.0,4865.0
727,13.0,271.0,11.5,690.0,214.0,895.0
728,15.07,514.0,10.08,1038.0,367.0,1687.0
729,12.15,506.0,11.26,1068.0,391.0,1498.0
730,12.44,1071.0,9.38,1791.0,645.0,3702.0
731,18.58,58.0,10.04,220.0,58.0,228.0
732,16.28,290.0,12.09,669.0,225.0,893.0
733,16.34,110.0,9.53,341.0,109.0,367.0
734,12.94,1345.0,9.98,1966.0,775.0,4630.0
735,10.53,114.0,10.41,282.0,107.0,316.0
736,10.12,280.0,8.73,799.0,204.0,1099.0
737,13.35,193.0,10.2,514.0,171.0,616.0
738,11.12,211.0,10.14,601.0,181.0,717.0
739,11.33,339.0,10.75,747.0,257.0,1042.0
740,11.7,1285.0,10.01,1829.0,731.0,4488.0
741,11.3,199.0,9.02,609.0,162.0,755.0
742,14.81,258.0,8.53,675.0,228.0,885.0
743,11.59,623.0,8.16,1390.0,467.0,2427.0
744,14.33,518.0,9.76,1161.0,388.0,1768.0
745,12.88,24.0,5.84,137.0,23.0,143.0
746,13.96,219.0,8.1,703.0,196.0,848.0
747,12.86,693.0,8.79,1564.0,476.0,2584.0
748,12.54,1794.0,11.2,1930.0,837.0,5746.0
749,11.65,161.0,10.03,545.0,142.0,633.0
750,12.08,126.0,9.18,410.0,115.0,453.0
751,13.63,239.0,8.84,695.0,208.0,854.0
752,14.08,345.0,10.56,911.0,288.0,1233.0
753,12.08,75.0,14.63,180.0,62.0,204.0
754,14.47,1273.0,10.77,1952.0,747.0,4106.0
755,18.27,279.0,10.14,760.0,241.0,940.0
756,11.61,792.0,9.7,1667.0,563.0,2863.0
757,19.72,200.0,9.67,542.0,179.0,623.0
758,11.17,536.0,9.33,1196.0,414.0,1971.0
759,14.78,91.0,9.07,332.0,85.0,364.0
760,13.06,162.0,9.94,484.0,139.0,558.0
761,13.58,1243.0,9.94,2019.0,675.0,4305.0
762,11.67,117.0,12.39,290.0,100.0,333.0
763,14.19,1523.0,10.84,1971.0,796.0,4779.0
764,11.77,502.0,7.97,1284.0,365.0,1873.0
765,12.14,801.0,9.4,1580.0,541.0,2862.0
766,23.65,63.0,10.49,174.0,56.0,186.0
767,10.91,101.0,8.06,338.0,86.0,373.0
768,17.1,105.0,10.13,314.0,103.0,343.0
769,13.87,2449.0,10.87,2341.0,1026.0,7778.0
770,10.26,184.0,11.93,534.0,164.0,623.0
771,13.17,753.0,11.15,1353.0,502.0,2356.0
772,13.66,1961.0,10.73,2109.0,918.0,6075.0
773,12.6,836.0,10.49,1378.0,542.0,2645.0
774,14.4,692.0,10.36,1349.0,496.0,2298.0
775,13.74,1578.0,10.09,2085.0,817.0,5395.0
776,11.41,648.0,9.33,1242.0,454.0,2239.0
777,12.63,116.0,13.86,290.0,106.0,319.0
778,13.72,1092.0,9.78,1887.0,687.0,3771.0
779,9.6,33.0,7.17,90.0,33.0,95.0
780,12.1,366.0,9.18,928.0,298.0,1331.0
781,19.37,213.0,9.8,580.0,176.0,716.0
782,13.03,402.0,9.82,1002.0,333.0,1449.0
783,15.41,1320.0,9.14,2006.0,759.0,4705.0
784,13.48,2212.0,10.53,2136.0,985.0,7276.0
785,12.92,272.0,10.73,678.0,229.0,868.0
786,14.72,239.0,8.7,739.0,208.0,907.0
787,9.8,184.0,9.32,541.0,166.0,674.0
788,13.16,2038.0,9.67,2263.0,943.0,6825.0
789,9.27,169.0,12.47,425.0,137.0,504.0
790,19.07,193.0,7.97,592.0,168.0,771.0
791,9.72,96.0,10.7,290.0,90.0,308.0
792,14.37,1103.0,10.06,1743.0,675.0,3611.0
793,16.62,479.0,11.32,1042.0,363.0,1494.0
794,12.3,892.0,10.47,1704.0,571.0,3097.0
795,11.68,38.0,6.89,153.0,33.0,161.0
796,12.57,40.0,11.65,112.0,31.0,124.0
797,15.05,480.0,9.44,1176.0,359.0,1671.0
798,10.95,414.0,11.11,913.0,315.0,1276.0
799,13.64,271.0,12.07,700.0,230.0,867.0
800,12.06,1968.0,9.99,2430.0,951.0,6931.0
801,11.05,1587.0,9.97,1975.0,807.0,5681.0
802,10.74,38.0,15.73,98.0,33.0,105.0
803,15.7,670.0,7.88,1560.0,469.0,2590.0
804,9.41,105.0,11.27,301.0,100.0,330.0
805,12.78,51.0,11.68,142.0,51.0,145.0
806,12.75,570.0,9.86,1326.0,416.0,1958.0
807,14.91,587.0,11.65,1053.0,412.0,1697.0
808,13.24,722.0,9.81,1566.0,509.0,2776.0
809,12.6,598.0,10.4,1308.0,409.0,2020.0
810,14.76,356.0,11.19,849.0,286.0,1154.0
811,12.09,1345.0,9.98,2078.0,766.0,4603.0
812,13.92,646.0,11.91,1093.0,425.0,1877.0
813,12.34,91.0,12.15,242.0,88.0,265.0
814,11.71,320.0,9.35,860.0,259.0,1148.0
815,12.77,295.0,10.67,717.0,231.0,916.0
816,16.14,458.0,9.37,1103.0,346.0,1661.0
817,12.12,137.0,9.9,442.0,132.0,528.0
818,14.75,386.0,9.13,986.0,324.0,1439.0
819,11.85,66.0,8.07,227.0,65.0,242.0
820,14.32,668.0,11.19,1239.0,498.0,2037.0
821,17.67,107.0,14.06,265.0,87.0,298.0
822,13.19,273.0,9.6,811.0,233.0,1020.0
823,12.8,1660.0,9.68,1982.0,849.0,5773.0
824,11.56,1670.0,10.46,1924.0,864.0,5271.0
825,10.62,15.0,6.42,80.0,12.0,84.0
826,10.34,270.0,8.95,804.0,232.0,1072.0
827,12.78,1100.0,9.32,1936.0,674.0,3866.0
828,12.68,1061.0,10.14,1823.0,653.0,3499.0
829,12.53,394.0,10.91,854.0,296.0,1271.0
830,16.15,236.0,10.1,621.0,191.0,772.0
831,12.32,355.0,8.46,1028.0,294.0,1383.0
832,14.27,556.0,11.86,1025.0,391.0,1648.0
833,14.64,675.0,9.46,1245.0,475.0,2217.0
834,12.85,1003.0,9.09,1778.0,647.0,3676.0
835,13.45,275.0,8.81,734.0,218.0,961.0
836,13.31,1577.0,10.29,1889.0,839.0,5086.0
837,16.09,522.0,11.55,1099.0,387.0,1691.0
838,13.07,1854.0,10.82,2235.0,897.0,5737.0
839,13.87,846.0,9.23,1571.0,559.0,3010.0
840,12.16,1160.0,11.28,1640.0,676.0,3407.0
841,19.27,152.0,10.4,502.0,137.0,564.0
842,14.73,1099.0,9.56,1895.0,640.0,3690.0
843,13.9,572.0,10.35,1129.0,429.0,1833.0
844,15.31,365.0,9.33,948.0,303.0,1328.0
845,13.73,385.0,10.9,881.0,311.0,1245.0
846,12.48,529.0,11.7,1045.0,401.0,1617.0
847,12.22,377.0,9.57,859.0,312.0,1274.0
848,12.09,537.0,9.37,1209.0,403.0,1998.0
849,14.7,798.0,8.68,1514.0,566.0,2866.0
850,15.8,902.0,9.95,1607.0,596.0,3034.0
851,19.75,146.0,14.02,370.0,135.0,414.0
852,12.28,1053.0,10.12,1661.0,655.0,3673.0
853,12.8,429.0,9.85,931.0,314.0,1378.0
854,12.92,563.0,9.54,1101.0,376.0,1812.0
855,12.08,149.0,9.52,475.0,144.0,521.0
856,12.95,344.0,9.69,870.0,296.0,1219.0
857,14.63,567.0,10.19,1159.0,417.0,1904.0
858,13.59,1912.0,10.39,2358.0,945.0,6280.0
859,14.4,367.0,8.8,949.0,302.0,1247.0
860,8.73,32.0,8.71,108.0,32.0,110.0
861,13.3,146.0,9.1,454.0,136.0,518.0
862,10.51,41.0,7.73,113.0,37.0,122.0
863,13.95,2420.0,10.92,2343.0,1011.0,7746.0
864,12.8,70.0,8.72,259.0,60.0,284.0
865,10.5,571.0,9.29,1242.0,416.0,2188.0
866,13.48,852.0,10.87,1460.0,530.0,2702.0
867,11.01,619.0,9.72,1235.0,446.0,2138.0
868,19.78,183.0,13.29,472.0,150.0,577.0
869,32.1,76.0,7.56,222.0,68.0,246.0
870,15.38,287.0,9.87,771.0,241.0,971.0
871,19.2,97.0,10.95,277.0,86.0,308.0
872,8.36,19.0,10.84,43.0,17.0,45.0
873,11.53,17.0,5.92,99.0,17.0,101.0
874,10.98,170.0,9.28,586.0,156.0,683.0
875,14.05,758.0,11.0,1342.0,519.0,2410.0
876,12.46,809.0,10.49,1627.0,530.0,2695.0
877,13.35,191.0,11.71,523.0,181.0,608.0
878,13.02,1649.0,10.33,1905.0,857.0,5346.0
879,11.99,822.0,10.74,1478.0,558.0,2646.0
880,13.55,361.0,10.52,822.0,299.0,1155.0
881,21.79,8.0,4.57,10.0,4.0,14.0
882,13.29,2153.0,9.48,2482.0,1024.0,7639.0
883,15.72,502.0,8.85,1285.0,356.0,1885.0
884,16.04,540.0,10.45,1186.0,427.0,1779.0
885,10.03,103.0,9.8,324.0,102.0,354.0
886,12.08,410.0,10.63,952.0,338.0,1373.0
887,11.18,522.0,9.88,1220.0,405.0,1756.0
888,13.86,327.0,10.63,798.0,275.0,1076.0
889,9.07,48.0,9.26,142.0,41.0,158.0
890,14.89,527.0,10.14,1289.0,410.0,1911.0
891,12.75,440.0,11.08,948.0,341.0,1475.0
892,12.33,947.0,9.52,1717.0,625.0,3434.0
893,12.77,128.0,11.87,359.0,111.0,422.0
894,11.05,959.0,10.09,1551.0,611.0,3334.0
895,13.65,781.0,11.06,1423.0,511.0,2363.0
896,12.15,803.0,9.79,1602.0,517.0,2717.0
897,11.89,605.0,9.85,1311.0,443.0,1970.0
898,10.09,31.0,6.71,92.0,30.0,95.0
899,11.58,506.0,11.67,1000.0,368.0,1563.0
900,11.98,438.0,11.19,956.0,327.0,1265.0
901,13.97,734.0,10.21,1284.0,480.0,2410.0
902,11.91,34.0,10.27,121.0,34.0,125.0
903,8.93,8.0,11.65,26.0,8.0,26.0
904,16.71,346.0,9.84,961.0,273.0,1291.0
905,12.76,825.0,9.3,1487.0,533.0,2977.0
906,8.82,0.0,0.0,15.0,0.0,15.0
907,11.89,716.0,10.37,1267.0,461.0,2330.0
908,13.43,2003.0,9.91,2086.0,896.0,6692.0
909,13.19,1134.0,10.68,1749.0,692.0,3292.0
910,12.16,1330.0,10.36,1779.0,745.0,4424.0
911,16.06,766.0,9.34,1488.0,512.0,2673.0
912,11.29,470.0,9.95,1135.0,354.0,1612.0
913,13.82,313.0,8.48,884.0,249.0,1193.0
914,10.72,183.0,11.66,487.0,179.0,560.0
915,13.21,2424.0,9.66,2203.0,1019.0,8234.0
916,13.94,1619.0,10.37,2047.0,830.0,5240.0
917,14.7,2476.0,11.44,2265.0,1023.0,7469.0
918,11.16,292.0,8.11,919.0,249.0,1182.0
919,13.39,58.0,7.95,227.0,57.0,244.0
920,15.32,798.0,10.43,1605.0,544.0,2703.0
921,10.31,207.0,9.14,607.0,189.0,708.0
922,15.75,606.0,10.55,1293.0,430.0,1904.0
923,12.12,656.0,10.95,1399.0,448.0,2170.0
924,14.48,1989.0,11.3,1988.0,879.0,6087.0
925,11.32,169.0,11.86,389.0,141.0,457.0
926,16.08,444.0,12.64,933.0,348.0,1302.0
927,10.94,152.0,10.19,467.0,124.0,542.0
928,12.65,335.0,8.2,873.0,278.0,1239.0
929,13.2,479.0,9.48,1167.0,390.0,1711.0
930,10.38,168.0,9.7,499.0,143.0,583.0
931,17.86,126.0,10.14,354.0,120.0,384.0
932,11.69,263.0,9.29,690.0,225.0,854.0
933,11.77,1127.0,10.0,1732.0,678.0,3689.0
934,15.23,156.0,9.46,514.0,136.0,588.0
935,15.72,888.0,11.43,1473.0,601.0,2705.0
936,10.45,934.0,9.91,1549.0,606.0,3235.0
937,15.18,531.0,9.26,1201.0,380.0,1900.0
938,14.83,623.0,10.6,1239.0,451.0,1982.0
939,13.65,146.0,9.55,408.0,135.0,463.0
940,14.47,392.0,10.75,983.0,298.0,1332.0
941,11.37,390.0,7.86,1035.0,313.0,1545.0
942,12.36,1634.0,11.13,2135.0,832.0,5028.0
943,12.35,36.0,7.49,131.0,36.0,135.0
944,11.2,429.0,9.28,997.0,359.0,1482.0
945,11.03,295.0,8.67,792.0,239.0,1103.0
946,13.65,1192.0,10.52,1681.0,704.0,3940.0
947,17.77,341.0,10.9,817.0,269.0,1081.0
948,14.56,2050.0,10.29,2239.0,970.0,6725.0
949,12.82,143.0,8.84,441.0,126.0,508.0
950,13.25,1378.0,9.71,2000.0,779.0,4843.0
951,10.4,320.0,10.07,825.0,268.0,1139.0
952,11.1,174.0,11.05,464.0,145.0,588.0
953,13.59,988.0,9.83,1544.0,574.0,3353.0
954,16.25,392.0,8.56,1089.0,305.0,1548.0
955,11.83,288.0,7.71,885.0,247.0,1189.0
956,10.85,297.0,9.26,820.0,255.0,1066.0
957,11.21,556.0,8.77,1215.0,418.0,2067.0
958,9.81,212.0,8.47,580.0,184.0,727.0
959,9.44,46.0,16.63,103.0,41.0,111.0
960,11.98,175.0,9.55,529.0,165.0,601.0
961,13.77,688.0,11.77,1244.0,499.0,1996.0
962,19.1,194.0,12.37,519.0,180.0,594.0
963,11.17,273.0,10.65,755.0,241.0,941.0
964,10.05,50.0,14.63,134.0,45.0,142.0
965,13.49,1437.0,10.41,1823.0,758.0,4754.0
966,15.53,91.0,7.97,270.0,84.0,291.0
967,14.18,1164.0,9.48,1898.0,692.0,4173.0
968,6.64,1.0,7.0,3.0,1.0,3.0
969,11.64,1007.0,10.36,1797.0,635.0,3318.0
970,11.89,1756.0,10.72,2002.0,873.0,5680.0
971,11.55,614.0,11.09,1280.0,455.0,2000.0
972,13.84,1092.0,10.29,1601.0,636.0,3534.0
973,23.48,61.0,9.42,202.0,54.0,219.0
974,13.92,2787.0,10.66,2418.0,1110.0,8851.0
975,17.95,206.0,8.94,625.0,191.0,767.0
976,12.12,605.0,13.37,1144.0,447.0,1744.0
977,11.79,286.0,10.29,698.0,234.0,929.0
978,12.19,170.0,9.18,521.0,150.0,622.0
979,13.22,1204.0,10.6,1690.0,690.0,3914.0
980,12.22,224.0,11.07,540.0,180.0,665.0
981,9.43,31.0,10.62,99.0,30.0,102.0
982,13.49,518.0,10.41,1152.0,373.0,1787.0
983,12.7,1294.0,10.62,2006.0,776.0,4161.0
984,10.63,107.0,7.63,381.0,99.0,427.0
985,13.3,538.0,8.41,1317.0,422.0,2107.0
986,11.93,298.0,9.2,843.0,247.0,1059.0
987,11.46,189.0,12.0,445.0,164.0,522.0
988,15.79,149.0,9.08,454.0,136.0,519.0
989,13.68,421.0,9.97,1055.0,337.0,1513.0
990,8.81,5.0,8.59,32.0,5.0,32.0
991,13.19,300.0,7.86,891.0,246.0,1204.0
992,13.04,852.0,10.54,1491.0,551.0,2734.0
993,11.25,787.0,11.35,1424.0,512.0,2460.0
994,15.58,1307.0,10.47,1869.0,759.0,4194.0
995,14.28,2873.0,10.81,2363.0,1113.0,8961.0
996,12.58,2826.0,10.69,2310.0,1092.0,9264.0
997,12.7,932.0,9.67,1709.0,603.0,3365.0
998,13.38,118.0,11.11,327.0,107.0,355.0
999,13.28,102.0,6.75,465.0,99.0,527.0
1000,16.55,125.0,9.55,372.0,97.0,431.0
