coupon_id,customer_id,cust_gender,cust_age,cust_mean_buy_price,cust_total_coupons,cust_mean_discount,cust_unique_products,cust_unique_products_coupon,cust_total_products,coupon_type,coupon_dpt,coupon_discount,coupon_how_many,coupon_mean_prod_price,coupon_prods_avail,probs
115.0,893,F,mid,12.77,128.0,11.87,359.0,111.0,422.0,buy_all,Sport,51,4,11.1,4,0.441484679894555
184.0,893,F,mid,12.77,128.0,11.87,359.0,111.0,422.0,buy_all,Sport,54,5,7.43,5,0.4414783529810083
18.0,893,F,mid,12.77,128.0,11.87,359.0,111.0,422.0,buy_all,Women,41,4,9.35,4,0.2010594553883159
765.0,893,F,mid,12.77,128.0,11.87,359.0,111.0,422.0,buy_all,Women,47,5,5.33,5,0.22959780675618108
116.0,893,F,mid,12.77,128.0,11.87,359.0,111.0,422.0,department,Boys,64,1,11.53,609,0.9406250940730531
285.0,893,F,mid,12.77,128.0,11.87,359.0,111.0,422.0,department,Girls,16,1,15.29,604,0.956679620376566
391.0,893,F,mid,12.77,128.0,11.87,359.0,111.0,422.0,department,Girls,64,1,15.29,604,0.9426980765581151
139.0,940,F,young,14.47,392.0,10.75,983.0,298.0,1332.0,buy_all,Sport,10,5,9.01,5,0.4136628184662871
184.0,940,F,young,14.47,392.0,10.75,983.0,298.0,1332.0,buy_all,Sport,54,5,7.43,5,0.5400095889728609
248.0,940,F,young,14.47,392.0,10.75,983.0,298.0,1332.0,department,Sport,57,1,18.23,641,0.9531633616852335
271.0,940,F,young,14.47,392.0,10.75,983.0,298.0,1332.0,buy_all,Sport,18,4,12.39,4,0.4350190343023838
676.0,940,F,young,14.47,392.0,10.75,983.0,298.0,1332.0,buy_all,Sport,59,5,6.34,5,0.3671170491864213
82.0,940,F,young,14.47,392.0,10.75,983.0,298.0,1332.0,department,Men,62,1,11.07,609,0.9385654778118445
508.0,940,F,young,14.47,392.0,10.75,983.0,298.0,1332.0,department,Men,28,1,11.07,609,0.9481483745615669
630.0,940,F,young,14.47,392.0,10.75,983.0,298.0,1332.0,department,Men,52,1,11.07,609,0.9063008456180915
18.0,940,F,young,14.47,392.0,10.75,983.0,298.0,1332.0,buy_all,Women,41,4,9.35,4,0.21065300029251882
765.0,940,F,young,14.47,392.0,10.75,983.0,298.0,1332.0,buy_all,Women,47,5,5.33,5,0.22674404285729202
945.0,940,F,young,14.47,392.0,10.75,983.0,298.0,1332.0,buy_all,Women,65,5,8.67,5,0.23475727774207494
116.0,940,F,young,14.47,392.0,10.75,983.0,298.0,1332.0,department,Boys,64,1,11.53,609,0.9495109937168918
29.0,940,F,young,14.47,392.0,10.75,983.0,298.0,1332.0,department,Girls,11,1,15.29,604,0.9470193903947549
285.0,940,F,young,14.47,392.0,10.75,983.0,298.0,1332.0,department,Girls,16,1,15.29,604,0.9545006612754975
115.0,54,F,old,14.36,1105.0,10.46,1632.0,713.0,3560.0,buy_all,Sport,51,4,11.1,4,0.558434929877987
139.0,54,F,old,14.36,1105.0,10.46,1632.0,713.0,3560.0,buy_all,Sport,10,5,9.01,5,0.4716052876452315
184.0,54,F,old,14.36,1105.0,10.46,1632.0,713.0,3560.0,buy_all,Sport,54,5,7.43,5,0.5179300442088502
248.0,54,F,old,14.36,1105.0,10.46,1632.0,713.0,3560.0,department,Sport,57,1,18.23,641,0.9590778953505332
271.0,54,F,old,14.36,1105.0,10.46,1632.0,713.0,3560.0,buy_all,Sport,18,4,12.39,4,0.5141833246974948
676.0,54,F,old,14.36,1105.0,10.46,1632.0,713.0,3560.0,buy_all,Sport,59,5,6.34,5,0.32813056998013274
680.0,54,F,old,14.36,1105.0,10.46,1632.0,713.0,3560.0,buy_all,Sport,12,5,11.16,5,0.40561823294337657
82.0,54,F,old,14.36,1105.0,10.46,1632.0,713.0,3560.0,department,Men,62,1,11.07,609,0.9222288981056287
508.0,54,F,old,14.36,1105.0,10.46,1632.0,713.0,3560.0,department,Men,28,1,11.07,609,0.9613125194367105
765.0,54,F,old,14.36,1105.0,10.46,1632.0,713.0,3560.0,buy_all,Women,47,5,5.33,5,0.26542012826157924
945.0,54,F,old,14.36,1105.0,10.46,1632.0,713.0,3560.0,buy_all,Women,65,5,8.67,5,0.29773009908781395
101.0,54,F,old,14.36,1105.0,10.46,1632.0,713.0,3560.0,department,Boys,46,1,11.53,609,0.9533792638914549
116.0,54,F,old,14.36,1105.0,10.46,1632.0,713.0,3560.0,department,Boys,64,1,11.53,609,0.956069714310724
848.0,54,F,old,14.36,1105.0,10.46,1632.0,713.0,3560.0,department,Boys,41,1,11.53,609,0.9554769608988857
29.0,54,F,old,14.36,1105.0,10.46,1632.0,713.0,3560.0,department,Girls,11,1,15.29,604,0.9566772826778495
285.0,54,F,old,14.36,1105.0,10.46,1632.0,713.0,3560.0,department,Girls,16,1,15.29,604,0.9568819266854514
391.0,54,F,old,14.36,1105.0,10.46,1632.0,713.0,3560.0,department,Girls,64,1,15.29,604,0.9486275622794618
115.0,117,F,mid,12.18,669.0,9.3,1381.0,486.0,2274.0,buy_all,Sport,51,4,11.1,4,0.46705359362635723
139.0,117,F,mid,12.18,669.0,9.3,1381.0,486.0,2274.0,buy_all,Sport,10,5,9.01,5,0.4318286270372686
184.0,117,F,mid,12.18,669.0,9.3,1381.0,486.0,2274.0,buy_all,Sport,54,5,7.43,5,0.46583258286315976
248.0,117,F,mid,12.18,669.0,9.3,1381.0,486.0,2274.0,department,Sport,57,1,18.23,641,0.9012580291898123
271.0,117,F,mid,12.18,669.0,9.3,1381.0,486.0,2274.0,buy_all,Sport,18,4,12.39,4,0.4781516565382335
676.0,117,F,mid,12.18,669.0,9.3,1381.0,486.0,2274.0,buy_all,Sport,59,5,6.34,5,0.3102349408815999
680.0,117,F,mid,12.18,669.0,9.3,1381.0,486.0,2274.0,buy_all,Sport,12,5,11.16,5,0.37087535822537065
82.0,117,F,mid,12.18,669.0,9.3,1381.0,486.0,2274.0,department,Men,62,1,11.07,609,0.783040872900616
508.0,117,F,mid,12.18,669.0,9.3,1381.0,486.0,2274.0,department,Men,28,1,11.07,609,0.9597997659548055
630.0,117,F,mid,12.18,669.0,9.3,1381.0,486.0,2274.0,department,Men,52,1,11.07,609,0.8009701074451709
18.0,117,F,mid,12.18,669.0,9.3,1381.0,486.0,2274.0,buy_all,Women,41,4,9.35,4,0.20360802995524363
765.0,117,F,mid,12.18,669.0,9.3,1381.0,486.0,2274.0,buy_all,Women,47,5,5.33,5,0.20288598392382168
945.0,117,F,mid,12.18,669.0,9.3,1381.0,486.0,2274.0,buy_all,Women,65,5,8.67,5,0.20565544843094336
101.0,117,F,mid,12.18,669.0,9.3,1381.0,486.0,2274.0,department,Boys,46,1,11.53,609,0.9160826083735557
116.0,117,F,mid,12.18,669.0,9.3,1381.0,486.0,2274.0,department,Boys,64,1,11.53,609,0.9442820295596305
29.0,117,F,mid,12.18,669.0,9.3,1381.0,486.0,2274.0,department,Girls,11,1,15.29,604,0.9381183394172437
285.0,117,F,mid,12.18,669.0,9.3,1381.0,486.0,2274.0,department,Girls,16,1,15.29,604,0.9512479380215842
391.0,117,F,mid,12.18,669.0,9.3,1381.0,486.0,2274.0,department,Girls,64,1,15.29,604,0.9167695120320309
115.0,907,F,old,11.89,716.0,10.37,1267.0,461.0,2330.0,buy_all,Sport,51,4,11.1,4,0.5124112024238157
139.0,907,F,old,11.89,716.0,10.37,1267.0,461.0,2330.0,buy_all,Sport,10,5,9.01,5,0.44140661414162424
184.0,907,F,old,11.89,716.0,10.37,1267.0,461.0,2330.0,buy_all,Sport,54,5,7.43,5,0.5088984725631029
248.0,907,F,old,11.89,716.0,10.37,1267.0,461.0,2330.0,department,Sport,57,1,18.23,641,0.9579730204226236
271.0,907,F,old,11.89,716.0,10.37,1267.0,461.0,2330.0,buy_all,Sport,18,4,12.39,4,0.47800395426473796
676.0,907,F,old,11.89,716.0,10.37,1267.0,461.0,2330.0,buy_all,Sport,59,5,6.34,5,0.3327520354198616
680.0,907,F,old,11.89,716.0,10.37,1267.0,461.0,2330.0,buy_all,Sport,12,5,11.16,5,0.38676345394097844
82.0,907,F,old,11.89,716.0,10.37,1267.0,461.0,2330.0,department,Men,62,1,11.07,609,0.9341217863042068
508.0,907,F,old,11.89,716.0,10.37,1267.0,461.0,2330.0,department,Men,28,1,11.07,609,0.9504728690519534
18.0,907,F,old,11.89,716.0,10.37,1267.0,461.0,2330.0,buy_all,Women,41,4,9.35,4,0.2440255000830563
765.0,907,F,old,11.89,716.0,10.37,1267.0,461.0,2330.0,buy_all,Women,47,5,5.33,5,0.26121586792043056
945.0,907,F,old,11.89,716.0,10.37,1267.0,461.0,2330.0,buy_all,Women,65,5,8.67,5,0.2737738959373239
116.0,907,F,old,11.89,716.0,10.37,1267.0,461.0,2330.0,department,Boys,64,1,11.53,609,0.8968551348323492
848.0,907,F,old,11.89,716.0,10.37,1267.0,461.0,2330.0,department,Boys,41,1,11.53,609,0.950789218394907
29.0,907,F,old,11.89,716.0,10.37,1267.0,461.0,2330.0,department,Girls,11,1,15.29,604,0.9586349717433947
285.0,907,F,old,11.89,716.0,10.37,1267.0,461.0,2330.0,department,Girls,16,1,15.29,604,0.9619665108773922
391.0,907,F,old,11.89,716.0,10.37,1267.0,461.0,2330.0,department,Girls,64,1,15.29,604,0.9540190741611156
115.0,849,M,young,14.7,798.0,8.68,1514.0,566.0,2866.0,buy_all,Sport,51,4,11.1,4,0.46272821694252825
139.0,849,M,young,14.7,798.0,8.68,1514.0,566.0,2866.0,buy_all,Sport,10,5,9.01,5,0.3897273052484126
184.0,849,M,young,14.7,798.0,8.68,1514.0,566.0,2866.0,buy_all,Sport,54,5,7.43,5,0.339466527387396
248.0,849,M,young,14.7,798.0,8.68,1514.0,566.0,2866.0,department,Sport,57,1,18.23,641,0.9279459062527562
271.0,849,M,young,14.7,798.0,8.68,1514.0,566.0,2866.0,buy_all,Sport,18,4,12.39,4,0.453762113261859
676.0,849,M,young,14.7,798.0,8.68,1514.0,566.0,2866.0,buy_all,Sport,59,5,6.34,5,0.27425682462949275
680.0,849,M,young,14.7,798.0,8.68,1514.0,566.0,2866.0,buy_all,Sport,12,5,11.16,5,0.3461208681182717
82.0,849,M,young,14.7,798.0,8.68,1514.0,566.0,2866.0,department,Men,62,1,11.07,609,0.3858300879583197
508.0,849,M,young,14.7,798.0,8.68,1514.0,566.0,2866.0,department,Men,28,1,11.07,609,0.9191402922541304
630.0,849,M,young,14.7,798.0,8.68,1514.0,566.0,2866.0,department,Men,52,1,11.07,609,0.8241291870353068
18.0,849,M,young,14.7,798.0,8.68,1514.0,566.0,2866.0,buy_all,Women,41,4,9.35,4,0.2073943348936682
765.0,849,M,young,14.7,798.0,8.68,1514.0,566.0,2866.0,buy_all,Women,47,5,5.33,5,0.24885631790891577
945.0,849,M,young,14.7,798.0,8.68,1514.0,566.0,2866.0,buy_all,Women,65,5,8.67,5,0.1653768607105911
101.0,849,M,young,14.7,798.0,8.68,1514.0,566.0,2866.0,department,Boys,46,1,11.53,609,0.9073778701848809
116.0,849,M,young,14.7,798.0,8.68,1514.0,566.0,2866.0,department,Boys,64,1,11.53,609,0.9426137132419116
29.0,849,M,young,14.7,798.0,8.68,1514.0,566.0,2866.0,department,Girls,11,1,15.29,604,0.5325564716244799
285.0,849,M,young,14.7,798.0,8.68,1514.0,566.0,2866.0,department,Girls,16,1,15.29,604,0.9244658381745712
391.0,849,M,young,14.7,798.0,8.68,1514.0,566.0,2866.0,department,Girls,64,1,15.29,604,0.9148139035326293
115.0,34,F,old,14.48,1015.0,11.3,1480.0,627.0,3074.0,buy_all,Sport,51,4,11.1,4,0.5775629857931706
139.0,34,F,old,14.48,1015.0,11.3,1480.0,627.0,3074.0,buy_all,Sport,10,5,9.01,5,0.45334987358177303
184.0,34,F,old,14.48,1015.0,11.3,1480.0,627.0,3074.0,buy_all,Sport,54,5,7.43,5,0.6638216589193164
248.0,34,F,old,14.48,1015.0,11.3,1480.0,627.0,3074.0,department,Sport,57,1,18.23,641,0.9581898431141188
271.0,34,F,old,14.48,1015.0,11.3,1480.0,627.0,3074.0,buy_all,Sport,18,4,12.39,4,0.5364928028955461
676.0,34,F,old,14.48,1015.0,11.3,1480.0,627.0,3074.0,buy_all,Sport,59,5,6.34,5,0.3983050025862767
680.0,34,F,old,14.48,1015.0,11.3,1480.0,627.0,3074.0,buy_all,Sport,12,5,11.16,5,0.3994648153837601
508.0,34,F,old,14.48,1015.0,11.3,1480.0,627.0,3074.0,department,Men,28,1,11.07,609,0.9728460204630629
18.0,34,F,old,14.48,1015.0,11.3,1480.0,627.0,3074.0,buy_all,Women,41,4,9.35,4,0.28814511935955156
765.0,34,F,old,14.48,1015.0,11.3,1480.0,627.0,3074.0,buy_all,Women,47,5,5.33,5,0.30066990602375027
945.0,34,F,old,14.48,1015.0,11.3,1480.0,627.0,3074.0,buy_all,Women,65,5,8.67,5,0.37989018200041696
116.0,34,F,old,14.48,1015.0,11.3,1480.0,627.0,3074.0,department,Boys,64,1,11.53,609,0.9558777175103895
29.0,34,F,old,14.48,1015.0,11.3,1480.0,627.0,3074.0,department,Girls,11,1,15.29,604,0.9559119010922964
285.0,34,F,old,14.48,1015.0,11.3,1480.0,627.0,3074.0,department,Girls,16,1,15.29,604,0.9649088341056308
391.0,34,F,old,14.48,1015.0,11.3,1480.0,627.0,3074.0,department,Girls,64,1,15.29,604,0.9462785035519321
115.0,840,F,mid,12.16,1160.0,11.28,1640.0,676.0,3407.0,buy_all,Sport,51,4,11.1,4,0.618009973551278
139.0,840,F,mid,12.16,1160.0,11.28,1640.0,676.0,3407.0,buy_all,Sport,10,5,9.01,5,0.5293561721148439
184.0,840,F,mid,12.16,1160.0,11.28,1640.0,676.0,3407.0,buy_all,Sport,54,5,7.43,5,0.691776759105684
248.0,840,F,mid,12.16,1160.0,11.28,1640.0,676.0,3407.0,department,Sport,57,1,18.23,641,0.9662014649544679
271.0,840,F,mid,12.16,1160.0,11.28,1640.0,676.0,3407.0,buy_all,Sport,18,4,12.39,4,0.5385209609726386
676.0,840,F,mid,12.16,1160.0,11.28,1640.0,676.0,3407.0,buy_all,Sport,59,5,6.34,5,0.42346586676237963
680.0,840,F,mid,12.16,1160.0,11.28,1640.0,676.0,3407.0,buy_all,Sport,12,5,11.16,5,0.44409593067229747
82.0,840,F,mid,12.16,1160.0,11.28,1640.0,676.0,3407.0,department,Men,62,1,11.07,609,0.949983991093031
508.0,840,F,mid,12.16,1160.0,11.28,1640.0,676.0,3407.0,department,Men,28,1,11.07,609,0.9625600350228236
630.0,840,F,mid,12.16,1160.0,11.28,1640.0,676.0,3407.0,department,Men,52,1,11.07,609,0.9387458987188876
18.0,840,F,mid,12.16,1160.0,11.28,1640.0,676.0,3407.0,buy_all,Women,41,4,9.35,4,0.29081075180570876
765.0,840,F,mid,12.16,1160.0,11.28,1640.0,676.0,3407.0,buy_all,Women,47,5,5.33,5,0.3893319761117447
945.0,840,F,mid,12.16,1160.0,11.28,1640.0,676.0,3407.0,buy_all,Women,65,5,8.67,5,0.29907490891838656
101.0,840,F,mid,12.16,1160.0,11.28,1640.0,676.0,3407.0,department,Boys,46,1,11.53,609,0.9293674556487292
116.0,840,F,mid,12.16,1160.0,11.28,1640.0,676.0,3407.0,department,Boys,64,1,11.53,609,0.9626592965893217
848.0,840,F,mid,12.16,1160.0,11.28,1640.0,676.0,3407.0,department,Boys,41,1,11.53,609,0.9473054432709165
29.0,840,F,mid,12.16,1160.0,11.28,1640.0,676.0,3407.0,department,Girls,11,1,15.29,604,0.9583971214340886
285.0,840,F,mid,12.16,1160.0,11.28,1640.0,676.0,3407.0,department,Girls,16,1,15.29,604,0.9714058383383593
391.0,840,F,mid,12.16,1160.0,11.28,1640.0,676.0,3407.0,department,Girls,64,1,15.29,604,0.9584365714111438
115.0,721,M,old,12.75,2390.0,9.55,2567.0,1039.0,8527.0,buy_all,Sport,51,4,11.1,4,0.6223611014385605
139.0,721,M,old,12.75,2390.0,9.55,2567.0,1039.0,8527.0,buy_all,Sport,10,5,9.01,5,0.5771432926493573
184.0,721,M,old,12.75,2390.0,9.55,2567.0,1039.0,8527.0,buy_all,Sport,54,5,7.43,5,0.6007240294811373
248.0,721,M,old,12.75,2390.0,9.55,2567.0,1039.0,8527.0,department,Sport,57,1,18.23,641,0.9634098456291625
271.0,721,M,old,12.75,2390.0,9.55,2567.0,1039.0,8527.0,buy_all,Sport,18,4,12.39,4,0.627692353172496
676.0,721,M,old,12.75,2390.0,9.55,2567.0,1039.0,8527.0,buy_all,Sport,59,5,6.34,5,0.46130784714569933
680.0,721,M,old,12.75,2390.0,9.55,2567.0,1039.0,8527.0,buy_all,Sport,12,5,11.16,5,0.5538004795697259
82.0,721,M,old,12.75,2390.0,9.55,2567.0,1039.0,8527.0,department,Men,62,1,11.07,609,0.42451185511878914
508.0,721,M,old,12.75,2390.0,9.55,2567.0,1039.0,8527.0,department,Men,28,1,11.07,609,0.9534980182252911
630.0,721,M,old,12.75,2390.0,9.55,2567.0,1039.0,8527.0,department,Men,52,1,11.07,609,0.8337826883755906
18.0,721,M,old,12.75,2390.0,9.55,2567.0,1039.0,8527.0,buy_all,Women,41,4,9.35,4,0.33924197664408035
765.0,721,M,old,12.75,2390.0,9.55,2567.0,1039.0,8527.0,buy_all,Women,47,5,5.33,5,0.4229235985760398
945.0,721,M,old,12.75,2390.0,9.55,2567.0,1039.0,8527.0,buy_all,Women,65,5,8.67,5,0.38015096610666527
101.0,721,M,old,12.75,2390.0,9.55,2567.0,1039.0,8527.0,department,Boys,46,1,11.53,609,0.9586813971134212
116.0,721,M,old,12.75,2390.0,9.55,2567.0,1039.0,8527.0,department,Boys,64,1,11.53,609,0.9422490628946378
848.0,721,M,old,12.75,2390.0,9.55,2567.0,1039.0,8527.0,department,Boys,41,1,11.53,609,0.9509855434315877
29.0,721,M,old,12.75,2390.0,9.55,2567.0,1039.0,8527.0,department,Girls,11,1,15.29,604,0.9588913894255437
285.0,721,M,old,12.75,2390.0,9.55,2567.0,1039.0,8527.0,department,Girls,16,1,15.29,604,0.9537747683833318
391.0,721,M,old,12.75,2390.0,9.55,2567.0,1039.0,8527.0,department,Girls,64,1,15.29,604,0.8477321936345253
115.0,621,M,old,13.31,3576.0,9.67,2770.0,1285.0,12794.0,buy_all,Sport,51,4,11.1,4,0.6655983033930157
139.0,621,M,old,13.31,3576.0,9.67,2770.0,1285.0,12794.0,buy_all,Sport,10,5,9.01,5,0.6669664375939724
184.0,621,M,old,13.31,3576.0,9.67,2770.0,1285.0,12794.0,buy_all,Sport,54,5,7.43,5,0.6634825827087841
248.0,621,M,old,13.31,3576.0,9.67,2770.0,1285.0,12794.0,department,Sport,57,1,18.23,641,0.9623867424047898
271.0,621,M,old,13.31,3576.0,9.67,2770.0,1285.0,12794.0,buy_all,Sport,18,4,12.39,4,0.6629641347787385
676.0,621,M,old,13.31,3576.0,9.67,2770.0,1285.0,12794.0,buy_all,Sport,59,5,6.34,5,0.5901444623231585
680.0,621,M,old,13.31,3576.0,9.67,2770.0,1285.0,12794.0,buy_all,Sport,12,5,11.16,5,0.6720173232278577
82.0,621,M,old,13.31,3576.0,9.67,2770.0,1285.0,12794.0,department,Men,62,1,11.07,609,0.9410542915644687
508.0,621,M,old,13.31,3576.0,9.67,2770.0,1285.0,12794.0,department,Men,28,1,11.07,609,0.9732358284334274
630.0,621,M,old,13.31,3576.0,9.67,2770.0,1285.0,12794.0,department,Men,52,1,11.07,609,0.6227030428725784
18.0,621,M,old,13.31,3576.0,9.67,2770.0,1285.0,12794.0,buy_all,Women,41,4,9.35,4,0.36447386823668215
765.0,621,M,old,13.31,3576.0,9.67,2770.0,1285.0,12794.0,buy_all,Women,47,5,5.33,5,0.47244246637767107
945.0,621,M,old,13.31,3576.0,9.67,2770.0,1285.0,12794.0,buy_all,Women,65,5,8.67,5,0.3971269309494061
101.0,621,M,old,13.31,3576.0,9.67,2770.0,1285.0,12794.0,department,Boys,46,1,11.53,609,0.9642614029731925
116.0,621,M,old,13.31,3576.0,9.67,2770.0,1285.0,12794.0,department,Boys,64,1,11.53,609,0.9646914683193869
848.0,621,M,old,13.31,3576.0,9.67,2770.0,1285.0,12794.0,department,Boys,41,1,11.53,609,0.9586911389942855
29.0,621,M,old,13.31,3576.0,9.67,2770.0,1285.0,12794.0,department,Girls,11,1,15.29,604,0.964729384228064
285.0,621,M,old,13.31,3576.0,9.67,2770.0,1285.0,12794.0,department,Girls,16,1,15.29,604,0.9669991868225051
391.0,621,M,old,13.31,3576.0,9.67,2770.0,1285.0,12794.0,department,Girls,64,1,15.29,604,0.955415783201753
115.0,690,F,old,13.05,826.0,10.83,1370.0,543.0,2591.0,buy_all,Sport,51,4,11.1,4,0.546447766353764
139.0,690,F,old,13.05,826.0,10.83,1370.0,543.0,2591.0,buy_all,Sport,10,5,9.01,5,0.46825667209357724
184.0,690,F,old,13.05,826.0,10.83,1370.0,543.0,2591.0,buy_all,Sport,54,5,7.43,5,0.565710011829535
248.0,690,F,old,13.05,826.0,10.83,1370.0,543.0,2591.0,department,Sport,57,1,18.23,641,0.9655159920978196
271.0,690,F,old,13.05,826.0,10.83,1370.0,543.0,2591.0,buy_all,Sport,18,4,12.39,4,0.5049454315385391
676.0,690,F,old,13.05,826.0,10.83,1370.0,543.0,2591.0,buy_all,Sport,59,5,6.34,5,0.36842454745926934
680.0,690,F,old,13.05,826.0,10.83,1370.0,543.0,2591.0,buy_all,Sport,12,5,11.16,5,0.42239544504666826
82.0,690,F,old,13.05,826.0,10.83,1370.0,543.0,2591.0,department,Men,62,1,11.07,609,0.8828934350426973
508.0,690,F,old,13.05,826.0,10.83,1370.0,543.0,2591.0,department,Men,28,1,11.07,609,0.9745528591201856
630.0,690,F,old,13.05,826.0,10.83,1370.0,543.0,2591.0,department,Men,52,1,11.07,609,0.849481756935074
18.0,690,F,old,13.05,826.0,10.83,1370.0,543.0,2591.0,buy_all,Women,41,4,9.35,4,0.26642575775251864
765.0,690,F,old,13.05,826.0,10.83,1370.0,543.0,2591.0,buy_all,Women,47,5,5.33,5,0.2802984770950546
945.0,690,F,old,13.05,826.0,10.83,1370.0,543.0,2591.0,buy_all,Women,65,5,8.67,5,0.330487649288039
101.0,690,F,old,13.05,826.0,10.83,1370.0,543.0,2591.0,department,Boys,46,1,11.53,609,0.9322454553789349
116.0,690,F,old,13.05,826.0,10.83,1370.0,543.0,2591.0,department,Boys,64,1,11.53,609,0.959660057835648
848.0,690,F,old,13.05,826.0,10.83,1370.0,543.0,2591.0,department,Boys,41,1,11.53,609,0.9608237147592373
29.0,690,F,old,13.05,826.0,10.83,1370.0,543.0,2591.0,department,Girls,11,1,15.29,604,0.9690218731735075
391.0,690,F,old,13.05,826.0,10.83,1370.0,543.0,2591.0,department,Girls,64,1,15.29,604,0.9672488877628362
115.0,159,F,mid,12.31,1401.0,10.08,2089.0,811.0,4590.0,buy_all,Sport,51,4,11.1,4,0.6058356887772511
139.0,159,F,mid,12.31,1401.0,10.08,2089.0,811.0,4590.0,buy_all,Sport,10,5,9.01,5,0.5105171432217889
184.0,159,F,mid,12.31,1401.0,10.08,2089.0,811.0,4590.0,buy_all,Sport,54,5,7.43,5,0.5788737340053677
248.0,159,F,mid,12.31,1401.0,10.08,2089.0,811.0,4590.0,department,Sport,57,1,18.23,641,0.9635765958149738
271.0,159,F,mid,12.31,1401.0,10.08,2089.0,811.0,4590.0,buy_all,Sport,18,4,12.39,4,0.5617123546508553
676.0,159,F,mid,12.31,1401.0,10.08,2089.0,811.0,4590.0,buy_all,Sport,59,5,6.34,5,0.40197719294752865
680.0,159,F,mid,12.31,1401.0,10.08,2089.0,811.0,4590.0,buy_all,Sport,12,5,11.16,5,0.4602182537850376
82.0,159,F,mid,12.31,1401.0,10.08,2089.0,811.0,4590.0,department,Men,62,1,11.07,609,0.9337233201219503
508.0,159,F,mid,12.31,1401.0,10.08,2089.0,811.0,4590.0,department,Men,28,1,11.07,609,0.9606789269725377
630.0,159,F,mid,12.31,1401.0,10.08,2089.0,811.0,4590.0,department,Men,52,1,11.07,609,0.9332857923552329
18.0,159,F,mid,12.31,1401.0,10.08,2089.0,811.0,4590.0,buy_all,Women,41,4,9.35,4,0.2864584668462602
765.0,159,F,mid,12.31,1401.0,10.08,2089.0,811.0,4590.0,buy_all,Women,47,5,5.33,5,0.2998141707302219
945.0,159,F,mid,12.31,1401.0,10.08,2089.0,811.0,4590.0,buy_all,Women,65,5,8.67,5,0.30448660639146063
101.0,159,F,mid,12.31,1401.0,10.08,2089.0,811.0,4590.0,department,Boys,46,1,11.53,609,0.9451742677252879
116.0,159,F,mid,12.31,1401.0,10.08,2089.0,811.0,4590.0,department,Boys,64,1,11.53,609,0.9488772662150731
29.0,159,F,mid,12.31,1401.0,10.08,2089.0,811.0,4590.0,department,Girls,11,1,15.29,604,0.9496574284821626
285.0,159,F,mid,12.31,1401.0,10.08,2089.0,811.0,4590.0,department,Girls,16,1,15.29,604,0.9572669862954444
391.0,159,F,mid,12.31,1401.0,10.08,2089.0,811.0,4590.0,department,Girls,64,1,15.29,604,0.9349290627612795
115.0,429,M,young,11.03,951.0,9.57,1561.0,571.0,3363.0,buy_all,Sport,51,4,11.1,4,0.5433088458675491
139.0,429,M,young,11.03,951.0,9.57,1561.0,571.0,3363.0,buy_all,Sport,10,5,9.01,5,0.5303898462332539
184.0,429,M,young,11.03,951.0,9.57,1561.0,571.0,3363.0,buy_all,Sport,54,5,7.43,5,0.5630655978352213
248.0,429,M,young,11.03,951.0,9.57,1561.0,571.0,3363.0,department,Sport,57,1,18.23,641,0.9547756517139904
271.0,429,M,young,11.03,951.0,9.57,1561.0,571.0,3363.0,buy_all,Sport,18,4,12.39,4,0.5437040897938343
676.0,429,M,young,11.03,951.0,9.57,1561.0,571.0,3363.0,buy_all,Sport,59,5,6.34,5,0.45630348859565223
680.0,429,M,young,11.03,951.0,9.57,1561.0,571.0,3363.0,buy_all,Sport,12,5,11.16,5,0.46116599335004116
508.0,429,M,young,11.03,951.0,9.57,1561.0,571.0,3363.0,department,Men,28,1,11.07,609,0.9594585172225959
630.0,429,M,young,11.03,951.0,9.57,1561.0,571.0,3363.0,department,Men,52,1,11.07,609,0.9173486984660858
765.0,429,M,young,11.03,951.0,9.57,1561.0,571.0,3363.0,buy_all,Women,47,5,5.33,5,0.3516179769325165
945.0,429,M,young,11.03,951.0,9.57,1561.0,571.0,3363.0,buy_all,Women,65,5,8.67,5,0.2384887397872683
101.0,429,M,young,11.03,951.0,9.57,1561.0,571.0,3363.0,department,Boys,46,1,11.53,609,0.9045650482670916
116.0,429,M,young,11.03,951.0,9.57,1561.0,571.0,3363.0,department,Boys,64,1,11.53,609,0.952233895160295
848.0,429,M,young,11.03,951.0,9.57,1561.0,571.0,3363.0,department,Boys,41,1,11.53,609,0.9393001321538216
29.0,429,M,young,11.03,951.0,9.57,1561.0,571.0,3363.0,department,Girls,11,1,15.29,604,0.9559655737464551
285.0,429,M,young,11.03,951.0,9.57,1561.0,571.0,3363.0,department,Girls,16,1,15.29,604,0.9492719346745108
391.0,429,M,young,11.03,951.0,9.57,1561.0,571.0,3363.0,department,Girls,64,1,15.29,604,0.9322043011231794
115.0,915,F,old,13.21,2424.0,9.66,2203.0,1019.0,8234.0,buy_all,Sport,51,4,11.1,4,0.6609969021346948
139.0,915,F,old,13.21,2424.0,9.66,2203.0,1019.0,8234.0,buy_all,Sport,10,5,9.01,5,0.6115736923363103
184.0,915,F,old,13.21,2424.0,9.66,2203.0,1019.0,8234.0,buy_all,Sport,54,5,7.43,5,0.6730619627967493
248.0,915,F,old,13.21,2424.0,9.66,2203.0,1019.0,8234.0,department,Sport,57,1,18.23,641,0.9722371872784557
271.0,915,F,old,13.21,2424.0,9.66,2203.0,1019.0,8234.0,buy_all,Sport,18,4,12.39,4,0.6444837383586589
676.0,915,F,old,13.21,2424.0,9.66,2203.0,1019.0,8234.0,buy_all,Sport,59,5,6.34,5,0.3834241457465675
680.0,915,F,old,13.21,2424.0,9.66,2203.0,1019.0,8234.0,buy_all,Sport,12,5,11.16,5,0.5689441370829984
82.0,915,F,old,13.21,2424.0,9.66,2203.0,1019.0,8234.0,department,Men,62,1,11.07,609,0.9553817118755754
508.0,915,F,old,13.21,2424.0,9.66,2203.0,1019.0,8234.0,department,Men,28,1,11.07,609,0.9689648115770776
630.0,915,F,old,13.21,2424.0,9.66,2203.0,1019.0,8234.0,department,Men,52,1,11.07,609,0.9518981249181567
18.0,915,F,old,13.21,2424.0,9.66,2203.0,1019.0,8234.0,buy_all,Women,41,4,9.35,4,0.36313709295995966
765.0,915,F,old,13.21,2424.0,9.66,2203.0,1019.0,8234.0,buy_all,Women,47,5,5.33,5,0.44301139351624635
945.0,915,F,old,13.21,2424.0,9.66,2203.0,1019.0,8234.0,buy_all,Women,65,5,8.67,5,0.4071455422967195
101.0,915,F,old,13.21,2424.0,9.66,2203.0,1019.0,8234.0,department,Boys,46,1,11.53,609,0.9661548853977638
116.0,915,F,old,13.21,2424.0,9.66,2203.0,1019.0,8234.0,department,Boys,64,1,11.53,609,0.9687364823536533
848.0,915,F,old,13.21,2424.0,9.66,2203.0,1019.0,8234.0,department,Boys,41,1,11.53,609,0.9639431585971802
29.0,915,F,old,13.21,2424.0,9.66,2203.0,1019.0,8234.0,department,Girls,11,1,15.29,604,0.9675401058822616
285.0,915,F,old,13.21,2424.0,9.66,2203.0,1019.0,8234.0,department,Girls,16,1,15.29,604,0.9701047438939134
391.0,915,F,old,13.21,2424.0,9.66,2203.0,1019.0,8234.0,department,Girls,64,1,15.29,604,0.8682686811189643
115.0,224,M,mid,14.83,1807.0,10.04,2197.0,876.0,6400.0,buy_all,Sport,51,4,11.1,4,0.6354802900546249
139.0,224,M,mid,14.83,1807.0,10.04,2197.0,876.0,6400.0,buy_all,Sport,10,5,9.01,5,0.5217678100832016
184.0,224,M,mid,14.83,1807.0,10.04,2197.0,876.0,6400.0,buy_all,Sport,54,5,7.43,5,0.6218278350712559
248.0,224,M,mid,14.83,1807.0,10.04,2197.0,876.0,6400.0,department,Sport,57,1,18.23,641,0.9575558167423027
271.0,224,M,mid,14.83,1807.0,10.04,2197.0,876.0,6400.0,buy_all,Sport,18,4,12.39,4,0.601660594601269
676.0,224,M,mid,14.83,1807.0,10.04,2197.0,876.0,6400.0,buy_all,Sport,59,5,6.34,5,0.4331165092772749
680.0,224,M,mid,14.83,1807.0,10.04,2197.0,876.0,6400.0,buy_all,Sport,12,5,11.16,5,0.4590007764114533
82.0,224,M,mid,14.83,1807.0,10.04,2197.0,876.0,6400.0,department,Men,62,1,11.07,609,0.7248084852271431
508.0,224,M,mid,14.83,1807.0,10.04,2197.0,876.0,6400.0,department,Men,28,1,11.07,609,0.9280487762830136
630.0,224,M,mid,14.83,1807.0,10.04,2197.0,876.0,6400.0,department,Men,52,1,11.07,609,0.7712829428439377
18.0,224,M,mid,14.83,1807.0,10.04,2197.0,876.0,6400.0,buy_all,Women,41,4,9.35,4,0.34011210562024763
765.0,224,M,mid,14.83,1807.0,10.04,2197.0,876.0,6400.0,buy_all,Women,47,5,5.33,5,0.41780558128701445
945.0,224,M,mid,14.83,1807.0,10.04,2197.0,876.0,6400.0,buy_all,Women,65,5,8.67,5,0.36450781337843796
101.0,224,M,mid,14.83,1807.0,10.04,2197.0,876.0,6400.0,department,Boys,46,1,11.53,609,0.9572785546817615
116.0,224,M,mid,14.83,1807.0,10.04,2197.0,876.0,6400.0,department,Boys,64,1,11.53,609,0.9608492969731829
848.0,224,M,mid,14.83,1807.0,10.04,2197.0,876.0,6400.0,department,Boys,41,1,11.53,609,0.9269104535812697
29.0,224,M,mid,14.83,1807.0,10.04,2197.0,876.0,6400.0,department,Girls,11,1,15.29,604,0.9510563613704264
285.0,224,M,mid,14.83,1807.0,10.04,2197.0,876.0,6400.0,department,Girls,16,1,15.29,604,0.9462057786621643
391.0,224,M,mid,14.83,1807.0,10.04,2197.0,876.0,6400.0,department,Girls,64,1,15.29,604,0.9464642010892411
115.0,387,M,mid,12.22,810.0,10.13,1558.0,502.0,2903.0,buy_all,Sport,51,4,11.1,4,0.5117345189605028
139.0,387,M,mid,12.22,810.0,10.13,1558.0,502.0,2903.0,buy_all,Sport,10,5,9.01,5,0.4142344306217005
184.0,387,M,mid,12.22,810.0,10.13,1558.0,502.0,2903.0,buy_all,Sport,54,5,7.43,5,0.5399089358268888
248.0,387,M,mid,12.22,810.0,10.13,1558.0,502.0,2903.0,department,Sport,57,1,18.23,641,0.9343828488424074
271.0,387,M,mid,12.22,810.0,10.13,1558.0,502.0,2903.0,buy_all,Sport,18,4,12.39,4,0.44949176804802454
676.0,387,M,mid,12.22,810.0,10.13,1558.0,502.0,2903.0,buy_all,Sport,59,5,6.34,5,0.3512507093381707
680.0,387,M,mid,12.22,810.0,10.13,1558.0,502.0,2903.0,buy_all,Sport,12,5,11.16,5,0.36468958323929523
82.0,387,M,mid,12.22,810.0,10.13,1558.0,502.0,2903.0,department,Men,62,1,11.07,609,0.6388381690076534
508.0,387,M,mid,12.22,810.0,10.13,1558.0,502.0,2903.0,department,Men,28,1,11.07,609,0.8814480346467557
630.0,387,M,mid,12.22,810.0,10.13,1558.0,502.0,2903.0,department,Men,52,1,11.07,609,0.8347675697621991
18.0,387,M,mid,12.22,810.0,10.13,1558.0,502.0,2903.0,buy_all,Women,41,4,9.35,4,0.21042441933606473
765.0,387,M,mid,12.22,810.0,10.13,1558.0,502.0,2903.0,buy_all,Women,47,5,5.33,5,0.2801152897437868
945.0,387,M,mid,12.22,810.0,10.13,1558.0,502.0,2903.0,buy_all,Women,65,5,8.67,5,0.21383314286293623
101.0,387,M,mid,12.22,810.0,10.13,1558.0,502.0,2903.0,department,Boys,46,1,11.53,609,0.7823509115359866
116.0,387,M,mid,12.22,810.0,10.13,1558.0,502.0,2903.0,department,Boys,64,1,11.53,609,0.8760322621552192
29.0,387,M,mid,12.22,810.0,10.13,1558.0,502.0,2903.0,department,Girls,11,1,15.29,604,0.9398258030725473
285.0,387,M,mid,12.22,810.0,10.13,1558.0,502.0,2903.0,department,Girls,16,1,15.29,604,0.9447036010231539
391.0,387,M,mid,12.22,810.0,10.13,1558.0,502.0,2903.0,department,Girls,64,1,15.29,604,0.9164437111467811
115.0,323,M,old,10.98,1126.0,9.52,1981.0,683.0,3974.0,buy_all,Sport,51,4,11.1,4,0.5502411463668817
139.0,323,M,old,10.98,1126.0,9.52,1981.0,683.0,3974.0,buy_all,Sport,10,5,9.01,5,0.5030316154352777
184.0,323,M,old,10.98,1126.0,9.52,1981.0,683.0,3974.0,buy_all,Sport,54,5,7.43,5,0.5525130605710953
248.0,323,M,old,10.98,1126.0,9.52,1981.0,683.0,3974.0,department,Sport,57,1,18.23,641,0.9589141296380395
271.0,323,M,old,10.98,1126.0,9.52,1981.0,683.0,3974.0,buy_all,Sport,18,4,12.39,4,0.5164851765718206
676.0,323,M,old,10.98,1126.0,9.52,1981.0,683.0,3974.0,buy_all,Sport,59,5,6.34,5,0.48853700268975625
82.0,323,M,old,10.98,1126.0,9.52,1981.0,683.0,3974.0,department,Men,62,1,11.07,609,0.8497328350257668
508.0,323,M,old,10.98,1126.0,9.52,1981.0,683.0,3974.0,department,Men,28,1,11.07,609,0.964993199039547
630.0,323,M,old,10.98,1126.0,9.52,1981.0,683.0,3974.0,department,Men,52,1,11.07,609,0.8671988330459025
18.0,323,M,old,10.98,1126.0,9.52,1981.0,683.0,3974.0,buy_all,Women,41,4,9.35,4,0.25106872249259193
765.0,323,M,old,10.98,1126.0,9.52,1981.0,683.0,3974.0,buy_all,Women,47,5,5.33,5,0.4600731886413682
945.0,323,M,old,10.98,1126.0,9.52,1981.0,683.0,3974.0,buy_all,Women,65,5,8.67,5,0.26210720493823597
116.0,323,M,old,10.98,1126.0,9.52,1981.0,683.0,3974.0,department,Boys,64,1,11.53,609,0.9563399929136533
848.0,323,M,old,10.98,1126.0,9.52,1981.0,683.0,3974.0,department,Boys,41,1,11.53,609,0.9467155282705694
29.0,323,M,old,10.98,1126.0,9.52,1981.0,683.0,3974.0,department,Girls,11,1,15.29,604,0.9553935530763131
285.0,323,M,old,10.98,1126.0,9.52,1981.0,683.0,3974.0,department,Girls,16,1,15.29,604,0.9025267032233709
391.0,323,M,old,10.98,1126.0,9.52,1981.0,683.0,3974.0,department,Girls,64,1,15.29,604,0.91492896182607
115.0,807,F,old,14.91,587.0,11.65,1053.0,412.0,1697.0,buy_all,Sport,51,4,11.1,4,0.5321700253962618
139.0,807,F,old,14.91,587.0,11.65,1053.0,412.0,1697.0,buy_all,Sport,10,5,9.01,5,0.3689978940711286
184.0,807,F,old,14.91,587.0,11.65,1053.0,412.0,1697.0,buy_all,Sport,54,5,7.43,5,0.5491437450364498
248.0,807,F,old,14.91,587.0,11.65,1053.0,412.0,1697.0,department,Sport,57,1,18.23,641,0.9518042167152415
271.0,807,F,old,14.91,587.0,11.65,1053.0,412.0,1697.0,buy_all,Sport,18,4,12.39,4,0.48387596092493484
676.0,807,F,old,14.91,587.0,11.65,1053.0,412.0,1697.0,buy_all,Sport,59,5,6.34,5,0.3012869664235643
680.0,807,F,old,14.91,587.0,11.65,1053.0,412.0,1697.0,buy_all,Sport,12,5,11.16,5,0.34679146248255627
82.0,807,F,old,14.91,587.0,11.65,1053.0,412.0,1697.0,department,Men,62,1,11.07,609,0.9224454641077718
508.0,807,F,old,14.91,587.0,11.65,1053.0,412.0,1697.0,department,Men,28,1,11.07,609,0.952305510781611
765.0,807,F,old,14.91,587.0,11.65,1053.0,412.0,1697.0,buy_all,Women,47,5,5.33,5,0.2713812761532348
945.0,807,F,old,14.91,587.0,11.65,1053.0,412.0,1697.0,buy_all,Women,65,5,8.67,5,0.33246001542763126
101.0,807,F,old,14.91,587.0,11.65,1053.0,412.0,1697.0,department,Boys,46,1,11.53,609,0.9145986014822113
116.0,807,F,old,14.91,587.0,11.65,1053.0,412.0,1697.0,department,Boys,64,1,11.53,609,0.9377574697961661
848.0,807,F,old,14.91,587.0,11.65,1053.0,412.0,1697.0,department,Boys,41,1,11.53,609,0.9494045541413041
29.0,807,F,old,14.91,587.0,11.65,1053.0,412.0,1697.0,department,Girls,11,1,15.29,604,0.658788738384418
285.0,807,F,old,14.91,587.0,11.65,1053.0,412.0,1697.0,department,Girls,16,1,15.29,604,0.9600715290155566
391.0,807,F,old,14.91,587.0,11.65,1053.0,412.0,1697.0,department,Girls,64,1,15.29,604,0.9475127843962718
115.0,238,M,young,11.16,2667.0,10.56,2282.0,1060.0,8655.0,buy_all,Sport,51,4,11.1,4,0.6739811611604414
139.0,238,M,young,11.16,2667.0,10.56,2282.0,1060.0,8655.0,buy_all,Sport,10,5,9.01,5,0.6215652725495803
184.0,238,M,young,11.16,2667.0,10.56,2282.0,1060.0,8655.0,buy_all,Sport,54,5,7.43,5,0.6764984576605765
248.0,238,M,young,11.16,2667.0,10.56,2282.0,1060.0,8655.0,department,Sport,57,1,18.23,641,0.9682858056930136
271.0,238,M,young,11.16,2667.0,10.56,2282.0,1060.0,8655.0,buy_all,Sport,18,4,12.39,4,0.6516608896091327
676.0,238,M,young,11.16,2667.0,10.56,2282.0,1060.0,8655.0,buy_all,Sport,59,5,6.34,5,0.4517935753157557
680.0,238,M,young,11.16,2667.0,10.56,2282.0,1060.0,8655.0,buy_all,Sport,12,5,11.16,5,0.5760041852334733
82.0,238,M,young,11.16,2667.0,10.56,2282.0,1060.0,8655.0,department,Men,62,1,11.07,609,0.9661687231988266
508.0,238,M,young,11.16,2667.0,10.56,2282.0,1060.0,8655.0,department,Men,28,1,11.07,609,0.9684520812887648
630.0,238,M,young,11.16,2667.0,10.56,2282.0,1060.0,8655.0,department,Men,52,1,11.07,609,0.9596725335949564
18.0,238,M,young,11.16,2667.0,10.56,2282.0,1060.0,8655.0,buy_all,Women,41,4,9.35,4,0.34597582187081677
765.0,238,M,young,11.16,2667.0,10.56,2282.0,1060.0,8655.0,buy_all,Women,47,5,5.33,5,0.48606030849624016
945.0,238,M,young,11.16,2667.0,10.56,2282.0,1060.0,8655.0,buy_all,Women,65,5,8.67,5,0.4095357653090224
101.0,238,M,young,11.16,2667.0,10.56,2282.0,1060.0,8655.0,department,Boys,46,1,11.53,609,0.9737279396330043
116.0,238,M,young,11.16,2667.0,10.56,2282.0,1060.0,8655.0,department,Boys,64,1,11.53,609,0.9753344715982074
848.0,238,M,young,11.16,2667.0,10.56,2282.0,1060.0,8655.0,department,Boys,41,1,11.53,609,0.9701692174740307
29.0,238,M,young,11.16,2667.0,10.56,2282.0,1060.0,8655.0,department,Girls,11,1,15.29,604,0.9780690985620901
285.0,238,M,young,11.16,2667.0,10.56,2282.0,1060.0,8655.0,department,Girls,16,1,15.29,604,0.9740137382783021
391.0,238,M,young,11.16,2667.0,10.56,2282.0,1060.0,8655.0,department,Girls,64,1,15.29,604,0.9772828247578292
115.0,484,F,old,14.93,948.0,10.26,1527.0,609.0,3249.0,buy_all,Sport,51,4,11.1,4,0.5646323746921545
139.0,484,F,old,14.93,948.0,10.26,1527.0,609.0,3249.0,buy_all,Sport,10,5,9.01,5,0.4681415837122511
184.0,484,F,old,14.93,948.0,10.26,1527.0,609.0,3249.0,buy_all,Sport,54,5,7.43,5,0.5582579279552206
248.0,484,F,old,14.93,948.0,10.26,1527.0,609.0,3249.0,department,Sport,57,1,18.23,641,0.9562088988251244
271.0,484,F,old,14.93,948.0,10.26,1527.0,609.0,3249.0,buy_all,Sport,18,4,12.39,4,0.5303834291310772
676.0,484,F,old,14.93,948.0,10.26,1527.0,609.0,3249.0,buy_all,Sport,59,5,6.34,5,0.37625155494932344
680.0,484,F,old,14.93,948.0,10.26,1527.0,609.0,3249.0,buy_all,Sport,12,5,11.16,5,0.40227020995975415
508.0,484,F,old,14.93,948.0,10.26,1527.0,609.0,3249.0,department,Men,28,1,11.07,609,0.9656243918673977
630.0,484,F,old,14.93,948.0,10.26,1527.0,609.0,3249.0,department,Men,52,1,11.07,609,0.9254742728734513
18.0,484,F,old,14.93,948.0,10.26,1527.0,609.0,3249.0,buy_all,Women,41,4,9.35,4,0.26422082094481186
765.0,484,F,old,14.93,948.0,10.26,1527.0,609.0,3249.0,buy_all,Women,47,5,5.33,5,0.28990270593218104
945.0,484,F,old,14.93,948.0,10.26,1527.0,609.0,3249.0,buy_all,Women,65,5,8.67,5,0.3031993969232446
101.0,484,F,old,14.93,948.0,10.26,1527.0,609.0,3249.0,department,Boys,46,1,11.53,609,0.9056431206419566
116.0,484,F,old,14.93,948.0,10.26,1527.0,609.0,3249.0,department,Boys,64,1,11.53,609,0.9544203323520022
848.0,484,F,old,14.93,948.0,10.26,1527.0,609.0,3249.0,department,Boys,41,1,11.53,609,0.9574097869423361
29.0,484,F,old,14.93,948.0,10.26,1527.0,609.0,3249.0,department,Girls,11,1,15.29,604,0.9609934795595807
285.0,484,F,old,14.93,948.0,10.26,1527.0,609.0,3249.0,department,Girls,16,1,15.29,604,0.9714461487153833
391.0,484,F,old,14.93,948.0,10.26,1527.0,609.0,3249.0,department,Girls,64,1,15.29,604,0.9541568911991621
115.0,839,M,mid,13.87,846.0,9.23,1571.0,559.0,3010.0,buy_all,Sport,51,4,11.1,4,0.5176334351482589
139.0,839,M,mid,13.87,846.0,9.23,1571.0,559.0,3010.0,buy_all,Sport,10,5,9.01,5,0.48836443030547005
184.0,839,M,mid,13.87,846.0,9.23,1571.0,559.0,3010.0,buy_all,Sport,54,5,7.43,5,0.53915039977049
248.0,839,M,mid,13.87,846.0,9.23,1571.0,559.0,3010.0,department,Sport,57,1,18.23,641,0.9470349817844228
271.0,839,M,mid,13.87,846.0,9.23,1571.0,559.0,3010.0,buy_all,Sport,18,4,12.39,4,0.5315571840333765
676.0,839,M,mid,13.87,846.0,9.23,1571.0,559.0,3010.0,buy_all,Sport,59,5,6.34,5,0.36820210195368464
680.0,839,M,mid,13.87,846.0,9.23,1571.0,559.0,3010.0,buy_all,Sport,12,5,11.16,5,0.4447129763889246
82.0,839,M,mid,13.87,846.0,9.23,1571.0,559.0,3010.0,department,Men,62,1,11.07,609,0.9017310882044542
508.0,839,M,mid,13.87,846.0,9.23,1571.0,559.0,3010.0,department,Men,28,1,11.07,609,0.9483836305695641
18.0,839,M,mid,13.87,846.0,9.23,1571.0,559.0,3010.0,buy_all,Women,41,4,9.35,4,0.23313990400969473
765.0,839,M,mid,13.87,846.0,9.23,1571.0,559.0,3010.0,buy_all,Women,47,5,5.33,5,0.29281181982628185
945.0,839,M,mid,13.87,846.0,9.23,1571.0,559.0,3010.0,buy_all,Women,65,5,8.67,5,0.23154326296829414
101.0,839,M,mid,13.87,846.0,9.23,1571.0,559.0,3010.0,department,Boys,46,1,11.53,609,0.9156655844233645
116.0,839,M,mid,13.87,846.0,9.23,1571.0,559.0,3010.0,department,Boys,64,1,11.53,609,0.9434967022829092
848.0,839,M,mid,13.87,846.0,9.23,1571.0,559.0,3010.0,department,Boys,41,1,11.53,609,0.9370799446588994
285.0,839,M,mid,13.87,846.0,9.23,1571.0,559.0,3010.0,department,Girls,16,1,15.29,604,0.9543414846375242
391.0,839,M,mid,13.87,846.0,9.23,1571.0,559.0,3010.0,department,Girls,64,1,15.29,604,0.787802281174598
115.0,698,M,mid,11.12,624.0,9.51,1376.0,453.0,2375.0,buy_all,Sport,51,4,11.1,4,0.44492339833705874
139.0,698,M,mid,11.12,624.0,9.51,1376.0,453.0,2375.0,buy_all,Sport,10,5,9.01,5,0.40820434792301136
184.0,698,M,mid,11.12,624.0,9.51,1376.0,453.0,2375.0,buy_all,Sport,54,5,7.43,5,0.5003993666082345
248.0,698,M,mid,11.12,624.0,9.51,1376.0,453.0,2375.0,department,Sport,57,1,18.23,641,0.9366717521889201
271.0,698,M,mid,11.12,624.0,9.51,1376.0,453.0,2375.0,buy_all,Sport,18,4,12.39,4,0.4589101079613514
676.0,698,M,mid,11.12,624.0,9.51,1376.0,453.0,2375.0,buy_all,Sport,59,5,6.34,5,0.3270608880850433
680.0,698,M,mid,11.12,624.0,9.51,1376.0,453.0,2375.0,buy_all,Sport,12,5,11.16,5,0.35191410824076375
82.0,698,M,mid,11.12,624.0,9.51,1376.0,453.0,2375.0,department,Men,62,1,11.07,609,0.8960314551663169
508.0,698,M,mid,11.12,624.0,9.51,1376.0,453.0,2375.0,department,Men,28,1,11.07,609,0.9403764295675429
18.0,698,M,mid,11.12,624.0,9.51,1376.0,453.0,2375.0,buy_all,Women,41,4,9.35,4,0.17128450508697277
765.0,698,M,mid,11.12,624.0,9.51,1376.0,453.0,2375.0,buy_all,Women,47,5,5.33,5,0.2247201891118944
945.0,698,M,mid,11.12,624.0,9.51,1376.0,453.0,2375.0,buy_all,Women,65,5,8.67,5,0.17593866155580834
101.0,698,M,mid,11.12,624.0,9.51,1376.0,453.0,2375.0,department,Boys,46,1,11.53,609,0.9013015949529416
116.0,698,M,mid,11.12,624.0,9.51,1376.0,453.0,2375.0,department,Boys,64,1,11.53,609,0.9257783264802534
29.0,698,M,mid,11.12,624.0,9.51,1376.0,453.0,2375.0,department,Girls,11,1,15.29,604,0.9465394512464732
285.0,698,M,mid,11.12,624.0,9.51,1376.0,453.0,2375.0,department,Girls,16,1,15.29,604,0.9365796405487821
391.0,698,M,mid,11.12,624.0,9.51,1376.0,453.0,2375.0,department,Girls,64,1,15.29,604,0.9107318187237342
115.0,148,M,old,13.56,551.0,8.22,1428.0,408.0,2148.0,buy_all,Sport,51,4,11.1,4,0.41515515972153133
139.0,148,M,old,13.56,551.0,8.22,1428.0,408.0,2148.0,buy_all,Sport,10,5,9.01,5,0.38908299121193857
184.0,148,M,old,13.56,551.0,8.22,1428.0,408.0,2148.0,buy_all,Sport,54,5,7.43,5,0.44221478687908017
248.0,148,M,old,13.56,551.0,8.22,1428.0,408.0,2148.0,department,Sport,57,1,18.23,641,0.9458324483596522
271.0,148,M,old,13.56,551.0,8.22,1428.0,408.0,2148.0,buy_all,Sport,18,4,12.39,4,0.4687995931183018
676.0,148,M,old,13.56,551.0,8.22,1428.0,408.0,2148.0,buy_all,Sport,59,5,6.34,5,0.287594592159754
680.0,148,M,old,13.56,551.0,8.22,1428.0,408.0,2148.0,buy_all,Sport,12,5,11.16,5,0.366510936969013
508.0,148,M,old,13.56,551.0,8.22,1428.0,408.0,2148.0,department,Men,28,1,11.07,609,0.9202001913544123
18.0,148,M,old,13.56,551.0,8.22,1428.0,408.0,2148.0,buy_all,Women,41,4,9.35,4,0.16011254084180593
765.0,148,M,old,13.56,551.0,8.22,1428.0,408.0,2148.0,buy_all,Women,47,5,5.33,5,0.20587113757205533
945.0,148,M,old,13.56,551.0,8.22,1428.0,408.0,2148.0,buy_all,Women,65,5,8.67,5,0.14979100180365051
101.0,148,M,old,13.56,551.0,8.22,1428.0,408.0,2148.0,department,Boys,46,1,11.53,609,0.92725820935261
116.0,148,M,old,13.56,551.0,8.22,1428.0,408.0,2148.0,department,Boys,64,1,11.53,609,0.9560432130188643
848.0,148,M,old,13.56,551.0,8.22,1428.0,408.0,2148.0,department,Boys,41,1,11.53,609,0.8518757493784755
29.0,148,M,old,13.56,551.0,8.22,1428.0,408.0,2148.0,department,Girls,11,1,15.29,604,0.9424034750303423
285.0,148,M,old,13.56,551.0,8.22,1428.0,408.0,2148.0,department,Girls,16,1,15.29,604,0.9217560233497678
115.0,526,F,old,12.97,1344.0,10.39,1824.0,742.0,4556.0,buy_all,Sport,51,4,11.1,4,0.5978342920903096
139.0,526,F,old,12.97,1344.0,10.39,1824.0,742.0,4556.0,buy_all,Sport,10,5,9.01,5,0.5281083503892672
184.0,526,F,old,12.97,1344.0,10.39,1824.0,742.0,4556.0,buy_all,Sport,54,5,7.43,5,0.6182070937080053
248.0,526,F,old,12.97,1344.0,10.39,1824.0,742.0,4556.0,department,Sport,57,1,18.23,641,0.9663607764043307
271.0,526,F,old,12.97,1344.0,10.39,1824.0,742.0,4556.0,buy_all,Sport,18,4,12.39,4,0.5641812146414201
676.0,526,F,old,12.97,1344.0,10.39,1824.0,742.0,4556.0,buy_all,Sport,59,5,6.34,5,0.41879205713300416
680.0,526,F,old,12.97,1344.0,10.39,1824.0,742.0,4556.0,buy_all,Sport,12,5,11.16,5,0.4829112746194915
82.0,526,F,old,12.97,1344.0,10.39,1824.0,742.0,4556.0,department,Men,62,1,11.07,609,0.9392124981545613
508.0,526,F,old,12.97,1344.0,10.39,1824.0,742.0,4556.0,department,Men,28,1,11.07,609,0.9645420109681965
630.0,526,F,old,12.97,1344.0,10.39,1824.0,742.0,4556.0,department,Men,52,1,11.07,609,0.9381890922548444
18.0,526,F,old,12.97,1344.0,10.39,1824.0,742.0,4556.0,buy_all,Women,41,4,9.35,4,0.2995071732678145
765.0,526,F,old,12.97,1344.0,10.39,1824.0,742.0,4556.0,buy_all,Women,47,5,5.33,5,0.333543224357627
945.0,526,F,old,12.97,1344.0,10.39,1824.0,742.0,4556.0,buy_all,Women,65,5,8.67,5,0.34936192451648423
101.0,526,F,old,12.97,1344.0,10.39,1824.0,742.0,4556.0,department,Boys,46,1,11.53,609,0.9596707158493917
116.0,526,F,old,12.97,1344.0,10.39,1824.0,742.0,4556.0,department,Boys,64,1,11.53,609,0.9609395635685684
848.0,526,F,old,12.97,1344.0,10.39,1824.0,742.0,4556.0,department,Boys,41,1,11.53,609,0.9560537590127606
29.0,526,F,old,12.97,1344.0,10.39,1824.0,742.0,4556.0,department,Girls,11,1,15.29,604,0.9616458706731583
285.0,526,F,old,12.97,1344.0,10.39,1824.0,742.0,4556.0,department,Girls,16,1,15.29,604,0.967961331141304
391.0,526,F,old,12.97,1344.0,10.39,1824.0,742.0,4556.0,department,Girls,64,1,15.29,604,0.9637183301368839
115.0,570,M,mid,13.67,1302.0,9.13,2051.0,729.0,5005.0,buy_all,Sport,51,4,11.1,4,0.5542911089457628
139.0,570,M,mid,13.67,1302.0,9.13,2051.0,729.0,5005.0,buy_all,Sport,10,5,9.01,5,0.49364305300506334
184.0,570,M,mid,13.67,1302.0,9.13,2051.0,729.0,5005.0,buy_all,Sport,54,5,7.43,5,0.5269213832238975
248.0,570,M,mid,13.67,1302.0,9.13,2051.0,729.0,5005.0,department,Sport,57,1,18.23,641,0.9509440405440577
271.0,570,M,mid,13.67,1302.0,9.13,2051.0,729.0,5005.0,buy_all,Sport,18,4,12.39,4,0.5699283237912107
676.0,570,M,mid,13.67,1302.0,9.13,2051.0,729.0,5005.0,buy_all,Sport,59,5,6.34,5,0.38592270916749816
680.0,570,M,mid,13.67,1302.0,9.13,2051.0,729.0,5005.0,buy_all,Sport,12,5,11.16,5,0.45840191602801433
508.0,570,M,mid,13.67,1302.0,9.13,2051.0,729.0,5005.0,department,Men,28,1,11.07,609,0.9533213394553934
630.0,570,M,mid,13.67,1302.0,9.13,2051.0,729.0,5005.0,department,Men,52,1,11.07,609,0.8936119104405741
765.0,570,M,mid,13.67,1302.0,9.13,2051.0,729.0,5005.0,buy_all,Women,47,5,5.33,5,0.33469389403112076
945.0,570,M,mid,13.67,1302.0,9.13,2051.0,729.0,5005.0,buy_all,Women,65,5,8.67,5,0.2658694173532129
101.0,570,M,mid,13.67,1302.0,9.13,2051.0,729.0,5005.0,department,Boys,46,1,11.53,609,0.9521267607905823
116.0,570,M,mid,13.67,1302.0,9.13,2051.0,729.0,5005.0,department,Boys,64,1,11.53,609,0.9559998364049273
848.0,570,M,mid,13.67,1302.0,9.13,2051.0,729.0,5005.0,department,Boys,41,1,11.53,609,0.9373616684728163
29.0,570,M,mid,13.67,1302.0,9.13,2051.0,729.0,5005.0,department,Girls,11,1,15.29,604,0.9425233855747587
285.0,570,M,mid,13.67,1302.0,9.13,2051.0,729.0,5005.0,department,Girls,16,1,15.29,604,0.9518474649658394
391.0,570,M,mid,13.67,1302.0,9.13,2051.0,729.0,5005.0,department,Girls,64,1,15.29,604,0.941270682305248
115.0,858,F,young,13.59,1912.0,10.39,2358.0,945.0,6280.0,buy_all,Sport,51,4,11.1,4,0.6350478822420701
139.0,858,F,young,13.59,1912.0,10.39,2358.0,945.0,6280.0,buy_all,Sport,10,5,9.01,5,0.5584929935125827
184.0,858,F,young,13.59,1912.0,10.39,2358.0,945.0,6280.0,buy_all,Sport,54,5,7.43,5,0.6222020830556038
248.0,858,F,young,13.59,1912.0,10.39,2358.0,945.0,6280.0,department,Sport,57,1,18.23,641,0.9758899157086163
271.0,858,F,young,13.59,1912.0,10.39,2358.0,945.0,6280.0,buy_all,Sport,18,4,12.39,4,0.6024379898143407
676.0,858,F,young,13.59,1912.0,10.39,2358.0,945.0,6280.0,buy_all,Sport,59,5,6.34,5,0.4453485611063698
680.0,858,F,young,13.59,1912.0,10.39,2358.0,945.0,6280.0,buy_all,Sport,12,5,11.16,5,0.5166945036754721
82.0,858,F,young,13.59,1912.0,10.39,2358.0,945.0,6280.0,department,Men,62,1,11.07,609,0.9341276536391787
508.0,858,F,young,13.59,1912.0,10.39,2358.0,945.0,6280.0,department,Men,28,1,11.07,609,0.9729041771543644
630.0,858,F,young,13.59,1912.0,10.39,2358.0,945.0,6280.0,department,Men,52,1,11.07,609,0.9342157151848774
18.0,858,F,young,13.59,1912.0,10.39,2358.0,945.0,6280.0,buy_all,Women,41,4,9.35,4,0.30238323430297226
765.0,858,F,young,13.59,1912.0,10.39,2358.0,945.0,6280.0,buy_all,Women,47,5,5.33,5,0.4099509140400928
945.0,858,F,young,13.59,1912.0,10.39,2358.0,945.0,6280.0,buy_all,Women,65,5,8.67,5,0.3296291800916336
101.0,858,F,young,13.59,1912.0,10.39,2358.0,945.0,6280.0,department,Boys,46,1,11.53,609,0.9641534389374692
116.0,858,F,young,13.59,1912.0,10.39,2358.0,945.0,6280.0,department,Boys,64,1,11.53,609,0.9667125957045588
29.0,858,F,young,13.59,1912.0,10.39,2358.0,945.0,6280.0,department,Girls,11,1,15.29,604,0.9715749783808255
285.0,858,F,young,13.59,1912.0,10.39,2358.0,945.0,6280.0,department,Girls,16,1,15.29,604,0.9724877979610694
391.0,858,F,young,13.59,1912.0,10.39,2358.0,945.0,6280.0,department,Girls,64,1,15.29,604,0.9611993303341133
139.0,505,M,young,10.72,252.0,10.94,672.0,216.0,866.0,buy_all,Sport,10,5,9.01,5,0.39793726200332064
184.0,505,M,young,10.72,252.0,10.94,672.0,216.0,866.0,buy_all,Sport,54,5,7.43,5,0.48532546176710534
271.0,505,M,young,10.72,252.0,10.94,672.0,216.0,866.0,buy_all,Sport,18,4,12.39,4,0.4064358098272875
676.0,505,M,young,10.72,252.0,10.94,672.0,216.0,866.0,buy_all,Sport,59,5,6.34,5,0.3624464638467368
508.0,505,M,young,10.72,252.0,10.94,672.0,216.0,866.0,department,Men,28,1,11.07,609,0.9133932477126221
18.0,505,M,young,10.72,252.0,10.94,672.0,216.0,866.0,buy_all,Women,41,4,9.35,4,0.17827620160284083
765.0,505,M,young,10.72,252.0,10.94,672.0,216.0,866.0,buy_all,Women,47,5,5.33,5,0.21767018213782227
945.0,505,M,young,10.72,252.0,10.94,672.0,216.0,866.0,buy_all,Women,65,5,8.67,5,0.23505838302776375
101.0,505,M,young,10.72,252.0,10.94,672.0,216.0,866.0,department,Boys,46,1,11.53,609,0.8699216306158625
29.0,505,M,young,10.72,252.0,10.94,672.0,216.0,866.0,department,Girls,11,1,15.29,604,0.9057834929080418
391.0,505,M,young,10.72,252.0,10.94,672.0,216.0,866.0,department,Girls,64,1,15.29,604,0.8447389996946555
115.0,448,M,young,11.17,394.0,9.54,990.0,322.0,1423.0,buy_all,Sport,51,4,11.1,4,0.4213292147447451
139.0,448,M,young,11.17,394.0,9.54,990.0,322.0,1423.0,buy_all,Sport,10,5,9.01,5,0.3487292463664078
184.0,448,M,young,11.17,394.0,9.54,990.0,322.0,1423.0,buy_all,Sport,54,5,7.43,5,0.44074702929005743
248.0,448,M,young,11.17,394.0,9.54,990.0,322.0,1423.0,department,Sport,57,1,18.23,641,0.9225762580450679
271.0,448,M,young,11.17,394.0,9.54,990.0,322.0,1423.0,buy_all,Sport,18,4,12.39,4,0.42520146625664335
508.0,448,M,young,11.17,394.0,9.54,990.0,322.0,1423.0,department,Men,28,1,11.07,609,0.9433094599062607
630.0,448,M,young,11.17,394.0,9.54,990.0,322.0,1423.0,department,Men,52,1,11.07,609,0.9282754277070809
18.0,448,M,young,11.17,394.0,9.54,990.0,322.0,1423.0,buy_all,Women,41,4,9.35,4,0.16764669752705286
765.0,448,M,young,11.17,394.0,9.54,990.0,322.0,1423.0,buy_all,Women,47,5,5.33,5,0.2019692488672956
945.0,448,M,young,11.17,394.0,9.54,990.0,322.0,1423.0,buy_all,Women,65,5,8.67,5,0.18214237428678373
116.0,448,M,young,11.17,394.0,9.54,990.0,322.0,1423.0,department,Boys,64,1,11.53,609,0.9304267515016623
848.0,448,M,young,11.17,394.0,9.54,990.0,322.0,1423.0,department,Boys,41,1,11.53,609,0.9341277922386607
29.0,448,M,young,11.17,394.0,9.54,990.0,322.0,1423.0,department,Girls,11,1,15.29,604,0.9030355825551892
285.0,448,M,young,11.17,394.0,9.54,990.0,322.0,1423.0,department,Girls,16,1,15.29,604,0.9353556765537154
391.0,448,M,young,11.17,394.0,9.54,990.0,322.0,1423.0,department,Girls,64,1,15.29,604,0.897501427086176
115.0,91,M,young,13.0,644.0,8.99,1321.0,444.0,2411.0,buy_all,Sport,51,4,11.1,4,0.45466722312218805
139.0,91,M,young,13.0,644.0,8.99,1321.0,444.0,2411.0,buy_all,Sport,10,5,9.01,5,0.42693343932141814
184.0,91,M,young,13.0,644.0,8.99,1321.0,444.0,2411.0,buy_all,Sport,54,5,7.43,5,0.41209033704350934
248.0,91,M,young,13.0,644.0,8.99,1321.0,444.0,2411.0,department,Sport,57,1,18.23,641,0.9428863768063036
271.0,91,M,young,13.0,644.0,8.99,1321.0,444.0,2411.0,buy_all,Sport,18,4,12.39,4,0.46870159723539706
676.0,91,M,young,13.0,644.0,8.99,1321.0,444.0,2411.0,buy_all,Sport,59,5,6.34,5,0.30836769397211916
680.0,91,M,young,13.0,644.0,8.99,1321.0,444.0,2411.0,buy_all,Sport,12,5,11.16,5,0.3696738250129241
82.0,91,M,young,13.0,644.0,8.99,1321.0,444.0,2411.0,department,Men,62,1,11.07,609,0.8190587779371796
508.0,91,M,young,13.0,644.0,8.99,1321.0,444.0,2411.0,department,Men,28,1,11.07,609,0.9250964207059311
630.0,91,M,young,13.0,644.0,8.99,1321.0,444.0,2411.0,department,Men,52,1,11.07,609,0.6867468971126969
18.0,91,M,young,13.0,644.0,8.99,1321.0,444.0,2411.0,buy_all,Women,41,4,9.35,4,0.17854409269818916
765.0,91,M,young,13.0,644.0,8.99,1321.0,444.0,2411.0,buy_all,Women,47,5,5.33,5,0.24388709848601597
945.0,91,M,young,13.0,644.0,8.99,1321.0,444.0,2411.0,buy_all,Women,65,5,8.67,5,0.1777658083406607
101.0,91,M,young,13.0,644.0,8.99,1321.0,444.0,2411.0,department,Boys,46,1,11.53,609,0.9043820341401458
116.0,91,M,young,13.0,644.0,8.99,1321.0,444.0,2411.0,department,Boys,64,1,11.53,609,0.9374434558366604
848.0,91,M,young,13.0,644.0,8.99,1321.0,444.0,2411.0,department,Boys,41,1,11.53,609,0.9340713873616987
29.0,91,M,young,13.0,644.0,8.99,1321.0,444.0,2411.0,department,Girls,11,1,15.29,604,0.9221239828321995
285.0,91,M,young,13.0,644.0,8.99,1321.0,444.0,2411.0,department,Girls,16,1,15.29,604,0.9499708330786214
391.0,91,M,young,13.0,644.0,8.99,1321.0,444.0,2411.0,department,Girls,64,1,15.29,604,0.9246801698659137
115.0,30,F,young,13.42,342.0,10.43,872.0,267.0,1142.0,buy_all,Sport,51,4,11.1,4,0.4640278944035014
139.0,30,F,young,13.42,342.0,10.43,872.0,267.0,1142.0,buy_all,Sport,10,5,9.01,5,0.4198955974664815
184.0,30,F,young,13.42,342.0,10.43,872.0,267.0,1142.0,buy_all,Sport,54,5,7.43,5,0.5164262352134182
248.0,30,F,young,13.42,342.0,10.43,872.0,267.0,1142.0,department,Sport,57,1,18.23,641,0.9538845698517247
271.0,30,F,young,13.42,342.0,10.43,872.0,267.0,1142.0,buy_all,Sport,18,4,12.39,4,0.43808535176176483
508.0,30,F,young,13.42,342.0,10.43,872.0,267.0,1142.0,department,Men,28,1,11.07,609,0.9491399987964133
765.0,30,F,young,13.42,342.0,10.43,872.0,267.0,1142.0,buy_all,Women,47,5,5.33,5,0.22993920289645947
945.0,30,F,young,13.42,342.0,10.43,872.0,267.0,1142.0,buy_all,Women,65,5,8.67,5,0.23120580016145229
101.0,30,F,young,13.42,342.0,10.43,872.0,267.0,1142.0,department,Boys,46,1,11.53,609,0.935186599221635
116.0,30,F,young,13.42,342.0,10.43,872.0,267.0,1142.0,department,Boys,64,1,11.53,609,0.9473206271504915
285.0,30,F,young,13.42,342.0,10.43,872.0,267.0,1142.0,department,Girls,16,1,15.29,604,0.9542270870871498
391.0,30,F,young,13.42,342.0,10.43,872.0,267.0,1142.0,department,Girls,64,1,15.29,604,0.9478840148957598
115.0,440,F,mid,13.2,1324.0,10.21,1893.0,763.0,4238.0,buy_all,Sport,51,4,11.1,4,0.5900580487628856
139.0,440,F,mid,13.2,1324.0,10.21,1893.0,763.0,4238.0,buy_all,Sport,10,5,9.01,5,0.5074362050405674
184.0,440,F,mid,13.2,1324.0,10.21,1893.0,763.0,4238.0,buy_all,Sport,54,5,7.43,5,0.610954868374149
248.0,440,F,mid,13.2,1324.0,10.21,1893.0,763.0,4238.0,department,Sport,57,1,18.23,641,0.9672879616611697
271.0,440,F,mid,13.2,1324.0,10.21,1893.0,763.0,4238.0,buy_all,Sport,18,4,12.39,4,0.5502179662267662
676.0,440,F,mid,13.2,1324.0,10.21,1893.0,763.0,4238.0,buy_all,Sport,59,5,6.34,5,0.4188027267606233
680.0,440,F,mid,13.2,1324.0,10.21,1893.0,763.0,4238.0,buy_all,Sport,12,5,11.16,5,0.46227518266054074
82.0,440,F,mid,13.2,1324.0,10.21,1893.0,763.0,4238.0,department,Men,62,1,11.07,609,0.9312919144120446
508.0,440,F,mid,13.2,1324.0,10.21,1893.0,763.0,4238.0,department,Men,28,1,11.07,609,0.9627531005447354
18.0,440,F,mid,13.2,1324.0,10.21,1893.0,763.0,4238.0,buy_all,Women,41,4,9.35,4,0.28975850379286455
765.0,440,F,mid,13.2,1324.0,10.21,1893.0,763.0,4238.0,buy_all,Women,47,5,5.33,5,0.3267737958696738
945.0,440,F,mid,13.2,1324.0,10.21,1893.0,763.0,4238.0,buy_all,Women,65,5,8.67,5,0.2868165027528986
101.0,440,F,mid,13.2,1324.0,10.21,1893.0,763.0,4238.0,department,Boys,46,1,11.53,609,0.9530728143595963
116.0,440,F,mid,13.2,1324.0,10.21,1893.0,763.0,4238.0,department,Boys,64,1,11.53,609,0.9590963824141883
848.0,440,F,mid,13.2,1324.0,10.21,1893.0,763.0,4238.0,department,Boys,41,1,11.53,609,0.9597428409411903
29.0,440,F,mid,13.2,1324.0,10.21,1893.0,763.0,4238.0,department,Girls,11,1,15.29,604,0.9585800782527955
285.0,440,F,mid,13.2,1324.0,10.21,1893.0,763.0,4238.0,department,Girls,16,1,15.29,604,0.9561943255023712
391.0,440,F,mid,13.2,1324.0,10.21,1893.0,763.0,4238.0,department,Girls,64,1,15.29,604,0.9411722914899966
115.0,273,M,young,11.79,2821.0,9.45,2452.0,1145.0,10151.0,buy_all,Sport,51,4,11.1,4,0.640186491175564
139.0,273,M,young,11.79,2821.0,9.45,2452.0,1145.0,10151.0,buy_all,Sport,10,5,9.01,5,0.6038058550394173
184.0,273,M,young,11.79,2821.0,9.45,2452.0,1145.0,10151.0,buy_all,Sport,54,5,7.43,5,0.6351509317516665
248.0,273,M,young,11.79,2821.0,9.45,2452.0,1145.0,10151.0,department,Sport,57,1,18.23,641,0.966767440456066
271.0,273,M,young,11.79,2821.0,9.45,2452.0,1145.0,10151.0,buy_all,Sport,18,4,12.39,4,0.6333407675955528
676.0,273,M,young,11.79,2821.0,9.45,2452.0,1145.0,10151.0,buy_all,Sport,59,5,6.34,5,0.4422247127055644
680.0,273,M,young,11.79,2821.0,9.45,2452.0,1145.0,10151.0,buy_all,Sport,12,5,11.16,5,0.5731253712631005
82.0,273,M,young,11.79,2821.0,9.45,2452.0,1145.0,10151.0,department,Men,62,1,11.07,609,0.9524054755413067
508.0,273,M,young,11.79,2821.0,9.45,2452.0,1145.0,10151.0,department,Men,28,1,11.07,609,0.9569922026143226
630.0,273,M,young,11.79,2821.0,9.45,2452.0,1145.0,10151.0,department,Men,52,1,11.07,609,0.8984706106066672
18.0,273,M,young,11.79,2821.0,9.45,2452.0,1145.0,10151.0,buy_all,Women,41,4,9.35,4,0.32998887737330906
765.0,273,M,young,11.79,2821.0,9.45,2452.0,1145.0,10151.0,buy_all,Women,47,5,5.33,5,0.43683238425471843
945.0,273,M,young,11.79,2821.0,9.45,2452.0,1145.0,10151.0,buy_all,Women,65,5,8.67,5,0.35294710675915525
101.0,273,M,young,11.79,2821.0,9.45,2452.0,1145.0,10151.0,department,Boys,46,1,11.53,609,0.9630094993812117
116.0,273,M,young,11.79,2821.0,9.45,2452.0,1145.0,10151.0,department,Boys,64,1,11.53,609,0.9675495708196464
848.0,273,M,young,11.79,2821.0,9.45,2452.0,1145.0,10151.0,department,Boys,41,1,11.53,609,0.9587004496075886
29.0,273,M,young,11.79,2821.0,9.45,2452.0,1145.0,10151.0,department,Girls,11,1,15.29,604,0.9673160293255548
285.0,273,M,young,11.79,2821.0,9.45,2452.0,1145.0,10151.0,department,Girls,16,1,15.29,604,0.964211548949108
391.0,273,M,young,11.79,2821.0,9.45,2452.0,1145.0,10151.0,department,Girls,64,1,15.29,604,0.9658601475221678
115.0,298,M,young,12.44,287.0,8.68,814.0,254.0,1121.0,buy_all,Sport,51,4,11.1,4,0.39485744276923934
139.0,298,M,young,12.44,287.0,8.68,814.0,254.0,1121.0,buy_all,Sport,10,5,9.01,5,0.3645728786711804
184.0,298,M,young,12.44,287.0,8.68,814.0,254.0,1121.0,buy_all,Sport,54,5,7.43,5,0.2978760203493587
271.0,298,M,young,12.44,287.0,8.68,814.0,254.0,1121.0,buy_all,Sport,18,4,12.39,4,0.4004899724437218
676.0,298,M,young,12.44,287.0,8.68,814.0,254.0,1121.0,buy_all,Sport,59,5,6.34,5,0.23831842077751986
508.0,298,M,young,12.44,287.0,8.68,814.0,254.0,1121.0,department,Men,28,1,11.07,609,0.9303167680846096
765.0,298,M,young,12.44,287.0,8.68,814.0,254.0,1121.0,buy_all,Women,47,5,5.33,5,0.16875623547199406
945.0,298,M,young,12.44,287.0,8.68,814.0,254.0,1121.0,buy_all,Women,65,5,8.67,5,0.1488304156620116
101.0,298,M,young,12.44,287.0,8.68,814.0,254.0,1121.0,department,Boys,46,1,11.53,609,0.8819067940316396
116.0,298,M,young,12.44,287.0,8.68,814.0,254.0,1121.0,department,Boys,64,1,11.53,609,0.8368281302994189
848.0,298,M,young,12.44,287.0,8.68,814.0,254.0,1121.0,department,Boys,41,1,11.53,609,0.9167051976340524
29.0,298,M,young,12.44,287.0,8.68,814.0,254.0,1121.0,department,Girls,11,1,15.29,604,0.7948527197810106
285.0,298,M,young,12.44,287.0,8.68,814.0,254.0,1121.0,department,Girls,16,1,15.29,604,0.7549022619380328
391.0,298,M,young,12.44,287.0,8.68,814.0,254.0,1121.0,department,Girls,64,1,15.29,604,0.35570744599670284
115.0,944,M,young,11.2,429.0,9.28,997.0,359.0,1482.0,buy_all,Sport,51,4,11.1,4,0.4531232264793318
139.0,944,M,young,11.2,429.0,9.28,997.0,359.0,1482.0,buy_all,Sport,10,5,9.01,5,0.4075293013548953
184.0,944,M,young,11.2,429.0,9.28,997.0,359.0,1482.0,buy_all,Sport,54,5,7.43,5,0.49233150673214443
248.0,944,M,young,11.2,429.0,9.28,997.0,359.0,1482.0,department,Sport,57,1,18.23,641,0.9289976861947155
271.0,944,M,young,11.2,429.0,9.28,997.0,359.0,1482.0,buy_all,Sport,18,4,12.39,4,0.4671507679141657
676.0,944,M,young,11.2,429.0,9.28,997.0,359.0,1482.0,buy_all,Sport,59,5,6.34,5,0.31399201115278547
680.0,944,M,young,11.2,429.0,9.28,997.0,359.0,1482.0,buy_all,Sport,12,5,11.16,5,0.36257204207202665
508.0,944,M,young,11.2,429.0,9.28,997.0,359.0,1482.0,department,Men,28,1,11.07,609,0.9443858096734796
630.0,944,M,young,11.2,429.0,9.28,997.0,359.0,1482.0,department,Men,52,1,11.07,609,0.9311530978993985
18.0,944,M,young,11.2,429.0,9.28,997.0,359.0,1482.0,buy_all,Women,41,4,9.35,4,0.1708611257413523
765.0,944,M,young,11.2,429.0,9.28,997.0,359.0,1482.0,buy_all,Women,47,5,5.33,5,0.2093844289167966
945.0,944,M,young,11.2,429.0,9.28,997.0,359.0,1482.0,buy_all,Women,65,5,8.67,5,0.18067924334573046
101.0,944,M,young,11.2,429.0,9.28,997.0,359.0,1482.0,department,Boys,46,1,11.53,609,0.9165501365066555
116.0,944,M,young,11.2,429.0,9.28,997.0,359.0,1482.0,department,Boys,64,1,11.53,609,0.9314969483981326
848.0,944,M,young,11.2,429.0,9.28,997.0,359.0,1482.0,department,Boys,41,1,11.53,609,0.9348509176466298
285.0,944,M,young,11.2,429.0,9.28,997.0,359.0,1482.0,department,Girls,16,1,15.29,604,0.9217697802363677
391.0,944,M,young,11.2,429.0,9.28,997.0,359.0,1482.0,department,Girls,64,1,15.29,604,0.9039089810689485
115.0,347,M,mid,12.83,346.0,8.98,966.0,300.0,1328.0,buy_all,Sport,51,4,11.1,4,0.41287828575085034
139.0,347,M,mid,12.83,346.0,8.98,966.0,300.0,1328.0,buy_all,Sport,10,5,9.01,5,0.37781540096697963
184.0,347,M,mid,12.83,346.0,8.98,966.0,300.0,1328.0,buy_all,Sport,54,5,7.43,5,0.3804585500492941
248.0,347,M,mid,12.83,346.0,8.98,966.0,300.0,1328.0,department,Sport,57,1,18.23,641,0.9152399781532188
271.0,347,M,mid,12.83,346.0,8.98,966.0,300.0,1328.0,buy_all,Sport,18,4,12.39,4,0.4167288015275486
676.0,347,M,mid,12.83,346.0,8.98,966.0,300.0,1328.0,buy_all,Sport,59,5,6.34,5,0.27722377806465365
680.0,347,M,mid,12.83,346.0,8.98,966.0,300.0,1328.0,buy_all,Sport,12,5,11.16,5,0.3305471646337994
508.0,347,M,mid,12.83,346.0,8.98,966.0,300.0,1328.0,department,Men,28,1,11.07,609,0.9189030392910527
18.0,347,M,mid,12.83,346.0,8.98,966.0,300.0,1328.0,buy_all,Women,41,4,9.35,4,0.17595492178509628
765.0,347,M,mid,12.83,346.0,8.98,966.0,300.0,1328.0,buy_all,Women,47,5,5.33,5,0.21046909455695662
945.0,347,M,mid,12.83,346.0,8.98,966.0,300.0,1328.0,buy_all,Women,65,5,8.67,5,0.1755282585216581
101.0,347,M,mid,12.83,346.0,8.98,966.0,300.0,1328.0,department,Boys,46,1,11.53,609,0.8296324247136312
116.0,347,M,mid,12.83,346.0,8.98,966.0,300.0,1328.0,department,Boys,64,1,11.53,609,0.8684079548663639
29.0,347,M,mid,12.83,346.0,8.98,966.0,300.0,1328.0,department,Girls,11,1,15.29,604,0.9085270112189705
285.0,347,M,mid,12.83,346.0,8.98,966.0,300.0,1328.0,department,Girls,16,1,15.29,604,0.9322009353587882
391.0,347,M,mid,12.83,346.0,8.98,966.0,300.0,1328.0,department,Girls,64,1,15.29,604,0.9060736348745319
115.0,783,M,mid,15.41,1320.0,9.14,2006.0,759.0,4705.0,buy_all,Sport,51,4,11.1,4,0.561044885848041
139.0,783,M,mid,15.41,1320.0,9.14,2006.0,759.0,4705.0,buy_all,Sport,10,5,9.01,5,0.4861465153858592
184.0,783,M,mid,15.41,1320.0,9.14,2006.0,759.0,4705.0,buy_all,Sport,54,5,7.43,5,0.42716599671683403
248.0,783,M,mid,15.41,1320.0,9.14,2006.0,759.0,4705.0,department,Sport,57,1,18.23,641,0.9358201802121832
271.0,783,M,mid,15.41,1320.0,9.14,2006.0,759.0,4705.0,buy_all,Sport,18,4,12.39,4,0.5706699281470392
676.0,783,M,mid,15.41,1320.0,9.14,2006.0,759.0,4705.0,buy_all,Sport,59,5,6.34,5,0.38905745089457855
680.0,783,M,mid,15.41,1320.0,9.14,2006.0,759.0,4705.0,buy_all,Sport,12,5,11.16,5,0.44737192565460626
82.0,783,M,mid,15.41,1320.0,9.14,2006.0,759.0,4705.0,department,Men,62,1,11.07,609,0.9284222869056803
508.0,783,M,mid,15.41,1320.0,9.14,2006.0,759.0,4705.0,department,Men,28,1,11.07,609,0.9529884946248965
630.0,783,M,mid,15.41,1320.0,9.14,2006.0,759.0,4705.0,department,Men,52,1,11.07,609,0.9134591722949033
18.0,783,M,mid,15.41,1320.0,9.14,2006.0,759.0,4705.0,buy_all,Women,41,4,9.35,4,0.2766248113785967
765.0,783,M,mid,15.41,1320.0,9.14,2006.0,759.0,4705.0,buy_all,Women,47,5,5.33,5,0.3391983312403152
945.0,783,M,mid,15.41,1320.0,9.14,2006.0,759.0,4705.0,buy_all,Women,65,5,8.67,5,0.2527130519497748
101.0,783,M,mid,15.41,1320.0,9.14,2006.0,759.0,4705.0,department,Boys,46,1,11.53,609,0.9490148607332601
116.0,783,M,mid,15.41,1320.0,9.14,2006.0,759.0,4705.0,department,Boys,64,1,11.53,609,0.948431048446059
848.0,783,M,mid,15.41,1320.0,9.14,2006.0,759.0,4705.0,department,Boys,41,1,11.53,609,0.8973813642985863
29.0,783,M,mid,15.41,1320.0,9.14,2006.0,759.0,4705.0,department,Girls,11,1,15.29,604,0.9458020246453698
285.0,783,M,mid,15.41,1320.0,9.14,2006.0,759.0,4705.0,department,Girls,16,1,15.29,604,0.9570616678606144
391.0,783,M,mid,15.41,1320.0,9.14,2006.0,759.0,4705.0,department,Girls,64,1,15.29,604,0.9564387743097299
115.0,252,F,mid,13.59,1774.0,10.74,2063.0,878.0,5671.0,buy_all,Sport,51,4,11.1,4,0.6576512333235731
139.0,252,F,mid,13.59,1774.0,10.74,2063.0,878.0,5671.0,buy_all,Sport,10,5,9.01,5,0.5698087488572815
184.0,252,F,mid,13.59,1774.0,10.74,2063.0,878.0,5671.0,buy_all,Sport,54,5,7.43,5,0.6643059338161517
248.0,252,F,mid,13.59,1774.0,10.74,2063.0,878.0,5671.0,department,Sport,57,1,18.23,641,0.9696501537100807
271.0,252,F,mid,13.59,1774.0,10.74,2063.0,878.0,5671.0,buy_all,Sport,18,4,12.39,4,0.6426589580120707
676.0,252,F,mid,13.59,1774.0,10.74,2063.0,878.0,5671.0,buy_all,Sport,59,5,6.34,5,0.4611723484976515
680.0,252,F,mid,13.59,1774.0,10.74,2063.0,878.0,5671.0,buy_all,Sport,12,5,11.16,5,0.5398986517985991
508.0,252,F,mid,13.59,1774.0,10.74,2063.0,878.0,5671.0,department,Men,28,1,11.07,609,0.967398643462194
630.0,252,F,mid,13.59,1774.0,10.74,2063.0,878.0,5671.0,department,Men,52,1,11.07,609,0.9564041106897821
18.0,252,F,mid,13.59,1774.0,10.74,2063.0,878.0,5671.0,buy_all,Women,41,4,9.35,4,0.3446178008029714
765.0,252,F,mid,13.59,1774.0,10.74,2063.0,878.0,5671.0,buy_all,Women,47,5,5.33,5,0.3586361505162245
945.0,252,F,mid,13.59,1774.0,10.74,2063.0,878.0,5671.0,buy_all,Women,65,5,8.67,5,0.3251651530692262
101.0,252,F,mid,13.59,1774.0,10.74,2063.0,878.0,5671.0,department,Boys,46,1,11.53,609,0.9612686940047723
116.0,252,F,mid,13.59,1774.0,10.74,2063.0,878.0,5671.0,department,Boys,64,1,11.53,609,0.963350176693887
848.0,252,F,mid,13.59,1774.0,10.74,2063.0,878.0,5671.0,department,Boys,41,1,11.53,609,0.9616289205453213
29.0,252,F,mid,13.59,1774.0,10.74,2063.0,878.0,5671.0,department,Girls,11,1,15.29,604,0.9446977365230896
285.0,252,F,mid,13.59,1774.0,10.74,2063.0,878.0,5671.0,department,Girls,16,1,15.29,604,0.9715705069503909
391.0,252,F,mid,13.59,1774.0,10.74,2063.0,878.0,5671.0,department,Girls,64,1,15.29,604,0.9697748714841135
115.0,230,F,old,11.61,701.0,9.71,1309.0,485.0,2328.0,buy_all,Sport,51,4,11.1,4,0.4775792937035682
139.0,230,F,old,11.61,701.0,9.71,1309.0,485.0,2328.0,buy_all,Sport,10,5,9.01,5,0.41602257423759137
184.0,230,F,old,11.61,701.0,9.71,1309.0,485.0,2328.0,buy_all,Sport,54,5,7.43,5,0.4739421353122661
248.0,230,F,old,11.61,701.0,9.71,1309.0,485.0,2328.0,department,Sport,57,1,18.23,641,0.9554184909525955
271.0,230,F,old,11.61,701.0,9.71,1309.0,485.0,2328.0,buy_all,Sport,18,4,12.39,4,0.4805507295637657
676.0,230,F,old,11.61,701.0,9.71,1309.0,485.0,2328.0,buy_all,Sport,59,5,6.34,5,0.31094287363291984
680.0,230,F,old,11.61,701.0,9.71,1309.0,485.0,2328.0,buy_all,Sport,12,5,11.16,5,0.35851586830068516
82.0,230,F,old,11.61,701.0,9.71,1309.0,485.0,2328.0,department,Men,62,1,11.07,609,0.9282636407149037
508.0,230,F,old,11.61,701.0,9.71,1309.0,485.0,2328.0,department,Men,28,1,11.07,609,0.9576451838755673
18.0,230,F,old,11.61,701.0,9.71,1309.0,485.0,2328.0,buy_all,Women,41,4,9.35,4,0.23356331236008368
765.0,230,F,old,11.61,701.0,9.71,1309.0,485.0,2328.0,buy_all,Women,47,5,5.33,5,0.23573710910351633
945.0,230,F,old,11.61,701.0,9.71,1309.0,485.0,2328.0,buy_all,Women,65,5,8.67,5,0.2308200058705619
116.0,230,F,old,11.61,701.0,9.71,1309.0,485.0,2328.0,department,Boys,64,1,11.53,609,0.9444094979836728
848.0,230,F,old,11.61,701.0,9.71,1309.0,485.0,2328.0,department,Boys,41,1,11.53,609,0.951235596621404
29.0,230,F,old,11.61,701.0,9.71,1309.0,485.0,2328.0,department,Girls,11,1,15.29,604,0.9586462127857724
285.0,230,F,old,11.61,701.0,9.71,1309.0,485.0,2328.0,department,Girls,16,1,15.29,604,0.9546946922466925
391.0,230,F,old,11.61,701.0,9.71,1309.0,485.0,2328.0,department,Girls,64,1,15.29,604,0.9412103777426171
