customer_id,gender,age,mean_buy_price,total_coupons_used,mean_discount_received,unique_products_bought,unique_products_bought_with_coupons,total_items_bought
1,M,79,11.62,285,9.16,866,232,1102
2,F,38,14.29,984,11.1,1566,634,2980
3,F,84,11.43,209,10.95,510,183,629
4,F,24,10.65,154,10.13,501,148,564
5,M,29,5.68,0,0.0,2,0,2
6,F,79,12.59,546,10.87,1125,419,1760
7,M,55,15.75,387,9.98,921,298,1280
8,F,46,13.45,177,10.95,443,154,533
9,M,26,12.67,337,8.32,930,283,1285
10,F,26,18.24,88,12.42,268,87,281
11,F,78,11.36,566,11.38,1087,397,1754
12,M,38,15.95,58,8.4,170,54,178
13,M,47,12.66,697,9.71,1522,500,2581
14,M,48,12.87,1187,9.5,1912,697,4226
15,F,18,11.67,117,8.35,332,107,377
16,F,23,13.14,1085,10.11,1833,668,3500
17,M,71,13.88,301,8.27,877,240,1133
18,F,88,11.39,401,11.87,890,323,1241
19,F,26,14.59,341,11.37,915,278,1180
20,M,75,13.17,441,9.94,1147,346,1566
21,F,42,14.03,1025,10.39,1717,634,3451
22,M,48,16.09,128,8.59,425,124,489
23,M,24,10.29,523,9.77,1147,378,1906
24,M,52,11.11,193,8.98,580,160,710
25,F,56,15.22,2009,12.17,2113,924,5841
26,F,64,13.02,856,10.77,1424,564,2813
27,M,84,11.44,309,8.98,822,243,1034
28,F,89,11.87,685,9.61,1302,480,2353
29,M,58,13.88,2324,9.68,2375,1015,8211
30,F,24,13.42,342,10.43,872,267,1142
31,M,62,12.92,972,8.9,1926,599,3733
32,M,50,11.98,1221,9.56,1874,719,4259
33,F,28,12.33,185,10.08,516,170,587
34,F,85,14.48,1015,11.3,1480,627,3074
35,M,81,13.92,1323,9.16,2156,792,4871
36,F,18,10.31,263,13.22,631,231,741
37,M,20,11.21,556,10.71,1127,409,1845
38,F,54,15.05,487,10.25,1070,386,1507
39,M,53,12.63,1010,10.22,1717,629,3420
40,F,42,14.46,468,10.11,1056,367,1561
41,M,48,12.95,465,10.77,1071,352,1549
42,F,34,12.27,413,11.54,947,317,1246
43,M,90,12.43,100,8.79,321,81,364
44,M,74,16.29,484,10.56,1196,365,1706
45,M,46,11.83,844,9.6,1603,549,3059
46,F,47,11.27,370,11.85,841,290,1141
47,M,58,13.88,85,8.77,256,79,283
48,M,75,12.8,220,10.6,635,180,762
49,M,42,16.53,131,7.83,429,117,493
50,F,31,13.07,905,9.13,1696,584,3078
51,F,58,14.74,220,8.5,679,190,824
52,M,73,18.38,73,9.37,264,71,287
53,F,57,10.77,128,9.35,413,119,459
54,F,65,14.36,1105,10.46,1632,713,3560
55,M,18,13.15,246,9.49,698,219,923
56,M,84,12.48,127,8.73,426,118,473
57,M,33,11.38,1128,9.48,1816,691,4139
58,F,27,12.12,681,10.01,1514,509,2350
59,F,27,13.98,232,11.6,617,203,742
60,F,72,13.56,730,10.72,1297,499,2324
61,F,84,10.94,1274,11.3,1696,712,3963
62,F,25,11.1,444,10.55,984,352,1318
63,F,65,11.96,464,14.25,846,338,1233
64,F,78,9.7,11,5.85,46,11,47
65,F,30,12.02,3170,11.08,2589,1165,9844
66,M,74,11.89,208,8.94,668,185,776
67,M,41,12.38,638,10.53,1249,465,1962
68,M,62,10.92,49,7.27,219,49,232
69,M,50,11.31,214,10.44,610,203,718
70,F,45,15.46,803,10.88,1427,536,2494
71,M,84,11.05,107,8.45,349,97,389
72,F,72,12.99,1413,9.86,1870,806,4931
73,F,32,12.81,1316,11.67,1990,802,4023
74,M,20,12.85,225,10.6,607,184,772
75,M,89,12.63,2639,9.77,2627,1071,9359
76,M,73,9.73,76,7.75,274,68,308
77,M,66,13.85,371,10.74,881,282,1185
78,F,60,18.38,678,10.88,1230,492,2072
79,M,23,12.76,408,8.74,1069,324,1612
80,M,33,13.28,685,9.85,1337,479,2451
81,F,35,14.02,2753,11.99,2338,1081,8048
82,F,60,16.32,137,10.42,391,124,453
83,F,64,11.82,225,11.75,577,214,699
84,F,54,14.95,426,11.88,911,322,1289
85,M,73,12.73,179,7.51,626,157,732
86,F,38,15.31,488,9.65,1050,372,1576
87,F,57,11.61,174,10.59,454,147,526
88,M,58,14.84,1435,9.33,2060,785,5282
89,M,44,12.0,313,9.56,912,253,1242
90,F,37,12.59,543,10.58,1095,413,1639
91,M,19,13.0,644,8.99,1321,444,2411
92,F,67,13.26,1197,10.72,1637,676,3644
93,F,88,13.07,746,11.35,1339,499,2390
94,F,74,16.53,456,9.64,968,322,1486
95,M,37,11.39,353,9.67,865,261,1204
96,F,33,14.47,1256,9.56,1992,732,4159
97,F,76,14.2,969,11.26,1459,598,2928
98,M,53,13.03,216,9.42,588,187,714
99,M,90,11.86,985,9.12,1845,613,3531
100,F,64,13.38,966,11.16,1455,587,2929
101,M,34,10.69,118,10.18,327,104,383
102,F,78,20.01,99,8.27,314,96,345
103,F,34,5.71,7,20.11,19,7,19
104,M,25,11.31,482,8.0,1152,364,1872
105,F,60,10.77,216,9.58,587,188,736
106,F,81,12.67,1644,10.46,1893,821,5303
107,M,43,13.36,802,9.47,1571,547,2895
108,F,31,11.57,522,11.4,1108,374,1587
109,F,32,11.85,815,11.1,1469,551,2416
110,F,90,12.8,94,8.1,314,93,345
111,M,50,16.12,514,10.56,1089,368,1648
112,F,66,14.88,57,9.3,163,57,171
113,M,83,11.8,1357,10.33,2088,770,4644
114,M,39,12.09,827,10.3,1554,546,2794
115,M,73,16.89,391,11.28,995,316,1283
116,F,75,11.77,292,11.25,690,246,896
117,F,46,12.18,669,9.3,1381,486,2274
118,M,31,11.7,1321,9.33,1876,735,4778
119,M,82,11.24,856,9.25,1775,558,3239
120,M,56,14.37,787,9.38,1595,510,2930
121,F,70,11.48,58,8.27,220,57,234
122,F,22,15.28,230,12.88,542,194,617
123,F,50,15.09,285,9.78,792,238,1034
124,M,29,12.28,2310,9.54,2288,1005,8353
125,M,61,14.19,683,8.25,1574,459,2601
126,F,29,13.42,683,10.49,1368,479,2107
127,F,25,11.95,104,8.94,332,103,365
128,F,26,12.14,2702,11.38,2509,1094,8382
129,F,42,13.62,334,9.41,789,277,1031
130,F,76,12.52,1799,10.46,2000,885,5834
131,F,88,12.77,839,9.53,1525,578,3032
132,M,51,11.13,102,8.89,379,99,419
133,M,52,17.31,103,6.73,443,96,501
134,F,42,12.16,425,10.15,1013,350,1425
135,F,66,12.96,1103,10.39,1579,625,3582
136,M,58,14.32,241,9.13,721,205,927
137,F,25,10.16,57,10.94,180,57,189
138,F,58,12.32,305,8.98,835,254,1099
139,F,77,12.24,1661,10.09,1959,864,5549
140,F,30,10.56,74,10.57,238,70,256
141,F,45,11.72,460,9.32,1094,373,1596
142,M,62,12.65,161,8.08,530,141,606
143,F,19,10.84,289,10.78,795,240,971
144,F,65,12.95,770,10.37,1340,477,2589
145,M,83,17.56,33,7.55,133,28,140
146,M,65,11.41,112,8.09,391,106,425
147,F,80,13.37,1727,10.09,1987,899,5770
148,M,90,13.56,551,8.22,1428,408,2148
149,F,55,12.1,97,13.8,209,76,244
150,F,33,11.7,692,12.26,1379,464,2204
151,F,79,8.78,45,15.17,117,45,119
152,F,78,11.07,245,10.15,615,221,792
153,F,43,13.88,666,9.12,1448,500,2469
154,F,52,8.96,63,8.99,175,59,186
155,F,59,13.3,607,10.93,1238,461,1939
156,F,46,6.39,1,3.0,8,1,8
157,F,30,12.05,381,10.82,916,305,1237
158,F,20,14.31,216,10.31,593,184,699
159,F,30,12.31,1401,10.08,2089,811,4590
160,F,87,11.3,953,10.75,1481,599,2972
161,M,23,9.38,27,9.16,76,24,81
162,M,87,13.94,1177,8.37,2129,728,4567
163,F,19,12.83,1056,10.82,1857,655,3637
164,M,61,11.55,20,14.96,66,15,72
165,M,81,12.37,1075,9.95,1869,675,3677
166,F,42,13.27,649,9.87,1294,471,2149
167,F,86,12.13,231,9.36,643,199,824
168,F,80,14.73,96,13.47,238,90,261
169,M,19,9.26,55,7.21,246,55,261
170,F,48,12.24,1121,9.9,1715,610,3636
171,M,78,15.61,219,10.59,578,172,700
172,F,86,14.57,579,11.19,1070,404,1694
173,F,28,10.57,178,11.42,467,158,530
174,F,39,13.76,1220,10.46,1789,679,3958
175,F,45,13.83,902,10.46,1545,561,2952
176,M,41,12.86,761,9.34,1505,546,2680
177,M,30,13.39,244,8.51,656,196,864
178,M,46,12.46,1191,9.88,1845,648,4189
179,M,67,12.52,2905,9.77,2660,1149,10219
180,F,20,12.69,1154,11.19,1831,674,3589
181,F,74,11.49,168,10.07,450,147,539
182,M,19,9.16,41,6.32,234,37,255
183,F,26,12.87,688,11.51,1405,482,2154
184,F,72,13.51,156,8.4,464,142,567
185,F,79,13.91,923,10.43,1505,583,3055
186,M,34,12.2,1477,9.36,1949,793,5252
187,F,81,14.62,247,9.4,649,194,887
188,M,48,12.04,255,10.83,710,210,896
189,M,50,11.08,222,11.07,599,183,735
190,M,39,13.68,261,8.06,817,228,1061
191,F,40,13.33,2060,10.16,2242,946,6817
192,M,24,12.85,1463,11.05,1784,760,4438
193,M,75,12.95,1860,9.83,2364,894,6410
194,M,66,13.59,821,9.8,1618,538,2763
195,F,29,13.64,1520,9.54,2181,855,5171
196,M,82,11.64,70,10.63,220,64,235
197,F,48,13.79,253,8.84,795,223,1004
198,F,27,14.41,431,9.97,1072,327,1474
199,F,83,11.71,505,11.38,1043,396,1551
200,M,71,11.85,176,12.8,488,154,564
201,F,79,10.35,289,10.02,721,228,993
202,F,38,14.26,1689,10.17,2080,823,5706
203,M,85,12.36,160,9.48,487,131,560
204,F,89,13.57,683,9.75,1299,483,2345
205,F,32,12.26,1657,10.63,2169,868,5360
206,M,74,26.85,51,16.51,120,46,126
207,F,57,13.87,300,13.43,613,244,774
208,F,46,15.23,468,10.42,1056,363,1546
209,F,46,14.38,631,9.6,1273,433,2078
210,M,82,14.64,264,10.21,714,211,880
211,F,43,15.39,1298,10.91,1811,752,3976
212,M,33,12.64,346,9.51,849,303,1196
213,M,23,11.52,1370,10.05,1851,750,4628
214,M,33,10.96,408,8.25,1050,316,1606
215,M,64,14.47,426,11.34,978,326,1315
216,M,60,11.68,109,9.03,403,106,437
217,F,81,11.7,812,9.02,1427,545,2779
218,F,44,10.55,135,11.09,370,116,430
219,F,26,12.84,497,11.34,1124,355,1629
220,F,30,12.56,936,9.59,1751,571,3183
221,F,89,15.48,307,10.89,748,242,1015
222,M,83,11.28,472,9.3,1149,355,1580
223,M,65,12.31,426,8.21,1166,348,1595
224,M,53,14.83,1807,10.04,2197,876,6400
225,M,78,14.42,252,10.77,644,204,781
226,F,87,11.48,226,7.93,633,187,790
227,F,55,14.98,251,10.9,583,193,743
228,M,64,11.2,366,10.08,936,288,1234
229,F,18,13.82,1664,11.01,2128,826,5138
230,F,79,11.61,701,9.71,1309,485,2328
231,M,33,13.69,622,8.03,1274,447,2291
232,F,21,13.63,361,10.44,906,301,1172
233,M,19,10.92,448,10.02,1015,319,1625
234,F,76,11.81,515,10.31,1078,389,1714
235,F,40,19.41,256,9.56,701,209,889
236,F,79,12.26,325,10.01,799,266,1087
237,F,88,13.08,1099,10.02,1611,665,3560
238,M,23,11.16,2667,10.56,2282,1060,8655
239,M,18,12.96,214,10.33,570,193,716
240,M,36,11.96,76,14.05,198,75,214
241,F,87,12.94,793,9.6,1420,532,2775
242,M,90,12.59,179,7.97,577,156,680
243,F,85,15.09,339,11.5,732,246,1005
244,F,45,13.85,1260,10.6,1884,741,4099
245,F,23,13.1,2779,10.93,2578,1080,8860
246,F,87,13.51,781,10.09,1377,541,2493
247,F,82,11.38,374,10.42,813,296,1204
248,F,84,11.61,497,10.88,1007,380,1616
249,F,66,13.55,1189,10.35,1664,678,3876
250,M,20,9.93,120,9.39,384,113,437
251,M,60,13.15,249,7.92,766,218,960
252,F,58,13.59,1774,10.74,2063,878,5671
253,F,51,11.19,332,10.48,821,259,1099
254,F,86,13.12,15,9.59,50,15,51
255,F,48,16.68,1151,10.24,1789,692,3900
256,F,74,31.58,46,13.3,113,41,121
257,M,88,12.92,490,9.83,1163,385,1612
258,F,41,11.05,219,9.27,601,209,723
259,M,31,10.26,100,8.3,359,100,395
260,F,90,14.89,70,16.89,159,62,178
261,F,88,13.41,905,11.69,1455,574,2907
262,M,86,13.76,993,10.46,1766,612,3404
263,F,66,16.97,542,8.85,1133,393,1896
264,F,50,17.55,233,10.06,658,210,785
265,M,40,17.42,92,7.5,383,90,419
266,F,50,10.99,31,8.46,133,25,140
267,M,80,11.76,549,8.96,1310,414,1971
268,F,59,13.26,1645,9.71,2057,861,5341
269,M,84,11.56,1258,9.34,2083,705,4480
270,F,30,12.44,132,9.65,348,124,380
271,F,64,13.83,339,9.19,919,284,1313
272,F,25,12.37,87,9.9,289,84,316
273,M,29,11.79,2821,9.45,2452,1145,10151
274,F,71,13.37,1270,9.98,1810,758,4425
275,M,46,13.22,1199,9.89,1884,674,4245
276,F,33,14.84,786,11.22,1481,513,2367
277,F,48,13.15,1728,10.93,2033,859,5438
278,M,19,11.51,1552,9.87,1983,851,5474
279,M,38,13.92,1401,10.16,1995,775,4720
280,M,85,14.94,93,7.11,331,85,369
281,M,47,11.96,729,10.73,1395,472,2368
282,F,38,11.99,315,11.18,746,272,942
283,F,41,17.99,64,9.86,219,54,240
284,F,35,15.3,443,8.85,1061,355,1562
285,M,18,10.75,93,8.6,326,90,357
286,F,21,10.64,218,9.66,611,176,737
287,M,57,12.57,77,13.48,195,70,212
288,F,66,13.88,543,10.67,1074,391,1695
289,M,58,17.82,12,4.98,56,12,58
290,F,79,11.0,655,9.71,1292,450,2357
291,F,65,13.79,739,10.54,1292,477,2422
292,F,26,7.19,10,13.12,43,10,43
293,M,30,14.74,233,8.27,658,180,886
294,F,87,13.15,350,10.83,744,274,1048
295,F,71,14.2,1074,10.72,1567,627,3494
296,M,58,11.82,291,9.04,865,264,1110
297,M,49,17.75,92,10.29,262,81,298
298,M,24,12.44,287,8.68,814,254,1121
299,F,81,8.9,27,14.11,76,23,81
300,F,64,9.46,37,14.34,91,37,92
301,M,86,13.56,549,10.48,1178,413,1698
302,F,36,10.09,23,5.58,89,23,90
303,M,36,15.07,1767,9.67,2227,872,6319
304,F,23,12.79,2532,10.58,2534,1044,8225
305,M,23,9.53,97,11.38,277,83,315
306,M,82,13.27,1319,9.48,2109,762,4721
307,M,65,12.41,724,10.47,1531,497,2541
308,M,55,12.39,292,9.83,805,239,1054
309,F,77,11.9,146,11.79,378,132,452
310,M,36,18.15,490,9.29,1180,387,1775
311,F,41,13.19,776,10.01,1485,534,2625
312,M,84,11.37,602,9.11,1380,414,2171
313,F,87,12.03,493,10.21,1036,373,1626
314,M,25,13.04,527,8.41,1252,421,2142
315,F,65,14.16,1712,10.75,1882,862,5174
316,F,85,13.93,1079,11.08,1624,665,3386
317,M,38,12.4,1081,9.88,1785,647,3759
318,F,21,10.97,432,9.7,1020,305,1393
319,F,64,11.46,600,10.31,1180,428,1991
320,F,82,12.31,160,11.02,446,147,527
321,M,59,14.58,361,11.27,867,290,1150
322,M,63,10.47,127,9.32,431,113,484
323,M,82,10.98,1126,9.52,1981,683,3974
324,F,21,9.93,361,13.14,803,266,1064
325,M,59,13.81,1271,9.55,1941,717,4495
326,M,40,14.82,220,10.54,662,192,805
327,F,83,11.05,76,7.83,252,75,272
328,F,24,12.12,418,11.22,989,322,1369
329,M,33,10.07,480,8.73,1139,365,1821
330,F,80,14.15,672,11.11,1222,468,2153
331,F,60,14.25,536,9.47,1126,386,1918
332,M,28,11.71,796,10.03,1496,563,2810
333,M,48,13.46,551,9.07,1343,402,2174
334,M,28,13.25,857,9.95,1516,563,2932
335,F,35,15.62,711,10.53,1360,485,2269
336,M,38,13.13,954,8.39,1730,569,3499
337,F,75,14.39,225,9.93,594,205,735
338,F,50,18.96,173,12.03,458,149,538
339,M,70,12.86,739,9.61,1511,498,2483
340,M,35,17.6,382,9.18,1056,318,1497
341,M,46,11.7,563,8.61,1351,411,2139
342,F,34,12.23,140,9.5,474,129,537
343,F,55,13.77,769,10.52,1430,521,2513
344,F,51,15.55,636,9.55,1403,474,2286
345,F,90,12.71,183,11.39,483,162,591
346,M,86,13.24,311,10.82,857,257,1076
347,M,37,12.83,346,8.98,966,300,1328
348,M,44,11.02,180,9.72,547,146,665
349,F,26,13.71,2607,11.24,2513,1058,8186
350,F,67,10.83,312,9.92,803,262,1101
351,M,88,16.85,85,6.72,375,75,411
352,M,71,13.01,1798,10.06,2378,884,6333
353,F,29,13.75,927,9.96,1614,584,2865
354,M,35,12.52,1507,10.02,2065,794,5252
355,M,68,13.06,46,8.05,180,46,182
356,M,56,13.79,1499,10.17,2089,793,5170
357,F,27,13.98,1583,10.62,2163,829,5124
358,F,77,11.31,52,9.82,156,51,171
359,F,67,12.75,491,9.34,1077,376,1699
360,F,37,12.7,507,10.87,1100,380,1652
361,F,39,12.36,406,8.55,1016,303,1466
362,M,38,13.16,1244,10.31,1868,749,4114
363,F,18,14.05,1401,10.27,2095,791,4686
364,M,52,11.86,843,11.15,1524,542,2749
365,F,82,14.74,1267,10.62,1725,745,4215
366,M,62,10.09,32,16.33,72,28,76
367,M,82,15.33,269,10.3,770,227,931
368,M,49,13.3,932,10.4,1608,588,3070
369,F,61,13.04,283,10.96,659,250,848
370,M,19,12.75,93,10.68,275,87,315
371,M,26,12.96,715,9.09,1419,504,2709
372,M,85,14.43,149,9.74,481,142,537
373,F,22,13.45,1961,11.13,2323,922,6135
374,M,20,9.63,183,9.53,528,150,673
375,M,65,8.82,38,8.93,112,38,112
376,M,73,11.72,2893,9.22,2695,1139,10678
377,F,77,11.27,65,12.45,151,52,174
378,F,64,10.84,142,11.8,367,130,423
379,F,49,12.83,583,11.01,1126,428,1787
380,F,52,14.63,965,12.03,1506,600,2750
381,F,85,12.31,645,10.58,1258,476,2123
382,F,42,15.31,629,10.18,1295,437,2164
383,F,40,13.07,665,10.49,1330,456,2144
384,F,62,11.82,379,10.65,814,281,1171
385,M,53,13.1,1314,9.64,1975,763,4520
386,M,66,12.4,226,12.42,572,163,694
387,M,49,12.22,810,10.13,1558,502,2903
388,F,46,11.76,45,7.72,177,45,187
390,F,86,6.14,1,5.4,5,1,5
391,F,64,11.83,501,11.46,1075,395,1644
392,M,58,11.86,128,8.74,413,116,464
393,M,23,10.05,243,11.31,611,201,758
394,M,22,11.62,349,9.73,858,282,1197
395,F,85,13.53,327,9.99,761,274,1061
396,F,33,14.02,615,9.9,1368,430,2064
397,M,44,12.71,1428,9.51,2032,792,5134
398,F,59,11.32,597,12.23,1126,415,1726
399,M,72,14.08,1003,9.23,1915,642,3782
400,F,44,12.55,2611,11.23,2365,1065,8309
401,M,78,12.8,420,9.41,1175,355,1571
402,M,50,13.72,692,8.87,1466,466,2581
403,F,49,10.88,262,11.05,703,220,874
404,F,30,14.43,719,12.2,1300,477,2055
405,F,90,12.98,127,11.75,303,109,347
406,M,52,16.58,565,10.28,1238,416,1939
407,M,54,14.62,500,7.86,1217,359,1934
408,F,42,13.06,790,10.11,1547,563,2832
409,M,90,6.3,7,9.7,30,7,30
410,F,19,13.35,317,10.5,827,263,1038
411,M,88,12.39,1351,8.94,2157,761,4884
412,F,18,11.55,573,9.99,1336,423,1998
413,M,58,13.13,562,11.54,1209,446,1815
414,F,45,13.99,788,10.44,1469,541,2589
415,F,60,9.32,135,13.89,279,109,327
416,F,45,13.56,645,12.21,1121,456,1722
417,M,57,12.65,797,11.15,1429,495,2514
418,F,35,12.29,152,7.62,495,137,582
419,F,45,13.54,1669,11.0,2015,853,5148
420,M,70,12.39,29,11.75,125,29,128
421,M,51,11.22,48,9.73,174,48,184
422,F,53,15.24,1493,10.5,1962,799,4710
423,F,31,12.46,756,11.55,1461,495,2374
424,F,82,15.55,1427,10.35,1805,774,4589
425,F,40,12.33,1011,11.67,1591,640,3038
426,M,57,12.84,999,9.23,1718,621,3508
427,M,80,12.49,971,9.13,1834,597,3512
428,M,54,13.66,2450,10.08,2392,1023,8312
429,M,18,11.03,951,9.57,1561,571,3363
430,F,20,17.23,777,10.0,1459,509,2521
431,F,56,12.41,413,9.85,928,307,1306
432,M,61,11.33,2310,9.64,2551,997,8347
433,M,33,12.14,1395,9.71,1908,769,4918
434,M,87,13.37,50,7.41,166,45,180
435,M,80,11.7,443,9.18,1176,346,1670
436,F,76,12.91,806,9.09,1441,549,2854
437,M,58,11.72,295,8.01,869,248,1171
438,F,83,12.76,375,11.61,804,308,1097
439,F,63,13.37,1564,10.66,1921,833,5108
440,F,51,13.2,1324,10.21,1893,763,4238
441,F,90,11.21,212,11.3,524,190,659
442,F,47,13.36,359,11.53,839,275,1133
443,F,67,13.51,974,10.97,1464,624,2982
444,M,79,11.76,791,11.4,1518,530,2525
445,M,50,11.38,349,9.77,921,285,1230
446,F,71,14.38,226,10.61,592,185,795
447,F,35,13.66,846,11.19,1445,548,2580
448,M,29,11.17,394,9.54,990,322,1423
449,M,25,13.94,355,8.64,926,301,1334
450,F,70,11.73,370,9.43,902,291,1296
451,F,25,13.99,2039,9.96,2440,985,6930
452,F,54,11.94,169,10.35,461,163,518
453,F,62,13.63,2185,10.57,2113,1001,6950
454,F,76,14.15,13,4.09,65,13,67
455,F,53,12.39,410,10.92,950,333,1320
456,M,74,11.61,674,8.76,1519,487,2479
457,F,34,11.21,132,13.63,353,114,391
458,M,39,12.56,851,9.12,1635,567,3164
459,F,47,14.67,58,12.29,168,52,180
460,F,20,13.51,513,9.26,1251,412,1823
461,M,61,11.81,580,10.24,1282,409,1951
462,F,75,13.14,697,9.73,1338,497,2402
464,F,49,14.53,200,10.54,514,167,621
465,M,45,12.31,1070,9.64,1809,660,3742
466,F,77,13.5,1473,10.18,1839,799,4789
467,M,55,13.3,1115,9.6,1849,692,3847
468,M,75,14.67,922,9.74,1828,600,3294
469,F,51,13.32,3040,10.32,2455,1130,9836
470,F,22,12.68,1320,10.65,1993,749,4169
471,M,79,10.88,101,7.52,384,92,425
472,M,47,10.47,19,8.38,77,19,78
473,F,22,12.13,613,10.6,1212,431,1880
474,F,45,9.21,70,9.54,214,65,236
475,M,23,12.63,1097,10.21,1766,657,4000
476,F,29,11.24,457,11.93,1012,346,1388
477,F,62,30.32,132,10.84,336,126,374
478,F,84,11.15,168,6.39,524,145,664
479,F,19,14.17,557,11.22,1202,403,1751
480,F,61,12.9,824,10.97,1384,546,2625
481,M,61,15.36,829,10.29,1697,541,2984
482,F,75,9.64,106,9.12,348,94,402
483,M,68,14.51,583,10.44,1257,410,1901
484,F,60,14.93,948,10.26,1527,609,3249
485,M,60,13.64,1227,9.57,2021,693,4325
486,F,56,13.44,761,11.68,1353,474,2304
487,M,54,14.39,269,10.44,706,219,909
488,F,90,10.88,23,7.04,72,19,80
489,M,68,15.41,128,9.66,425,120,468
490,F,77,12.58,1502,10.29,1893,794,4960
491,F,87,12.12,861,10.13,1467,570,2862
492,F,56,15.86,1124,9.76,1809,679,4055
493,F,34,15.85,528,11.33,1101,413,1530
494,F,62,12.75,878,10.92,1384,538,2667
495,F,87,12.73,544,9.39,1133,410,1869
496,F,22,11.32,357,10.73,857,284,1100
497,M,89,14.36,1380,8.71,2227,785,5135
498,F,63,12.02,345,9.11,847,291,1192
499,M,57,12.2,278,11.16,681,245,843
500,M,19,11.42,1957,9.17,2193,910,7470
501,M,51,13.72,229,11.06,615,201,755
502,M,40,12.52,706,8.79,1536,479,2713
503,M,46,12.4,170,9.4,562,164,650
504,M,30,14.51,391,9.28,908,319,1272
505,M,26,10.72,252,10.94,672,216,866
506,F,59,12.33,842,10.31,1464,575,2660
507,M,82,14.37,1015,8.9,1865,635,3565
508,M,65,11.45,159,9.25,490,136,548
509,F,51,13.31,2369,10.85,2277,1010,7356
510,M,45,11.95,148,11.47,411,143,472
511,M,38,12.19,2491,9.2,2431,1054,9048
512,F,48,13.29,210,9.75,553,176,694
513,M,45,14.21,512,9.37,1180,367,1813
514,F,89,16.03,723,10.94,1263,477,2333
515,F,80,12.21,1134,11.01,1620,676,3550
516,M,64,12.36,326,10.65,858,251,1094
517,F,59,16.52,1242,10.17,1837,684,4160
518,M,55,11.96,323,8.62,940,257,1274
519,F,37,13.87,397,9.94,927,314,1298
520,M,53,13.72,2484,9.33,2436,1038,8997
521,M,89,9.6,220,8.14,716,179,872
522,M,73,10.79,99,10.21,277,74,321
523,M,82,10.67,142,12.31,377,123,430
524,M,59,12.74,505,9.08,1246,393,1914
525,M,27,14.75,414,8.78,1021,341,1518
526,F,63,12.97,1344,10.39,1824,742,4556
527,F,87,12.17,367,10.33,887,311,1248
528,M,22,10.41,372,8.3,978,311,1522
529,F,31,14.03,379,11.25,894,309,1155
530,M,57,14.79,380,10.51,950,295,1329
531,M,75,12.82,816,9.64,1705,547,3014
532,F,79,13.95,149,10.57,378,118,468
533,F,27,13.11,982,10.28,1808,661,3365
534,M,71,10.94,498,11.12,1180,365,1666
535,F,72,13.73,219,11.6,529,186,668
536,M,33,11.01,908,8.08,1681,581,3737
537,M,63,11.02,359,8.25,1072,293,1484
538,F,22,12.49,687,10.14,1411,490,2206
539,F,37,13.39,324,10.46,785,269,1012
540,M,19,13.04,412,9.44,983,305,1463
541,F,36,13.83,540,11.04,1097,384,1643
542,F,62,12.68,851,9.81,1434,523,2907
543,M,80,12.56,1344,8.57,2191,803,5096
544,M,36,12.79,814,9.77,1590,546,2943
545,F,72,12.18,371,10.5,832,295,1162
546,F,48,12.08,290,9.46,715,226,924
547,M,41,13.75,396,10.0,978,302,1367
548,F,77,15.14,409,10.28,879,322,1273
549,F,30,12.82,1493,10.71,2136,839,4786
550,F,34,16.19,106,7.81,324,98,355
551,M,85,14.52,237,10.22,671,208,787
552,F,67,12.77,1375,10.52,1801,743,4599
553,F,56,11.27,311,10.65,722,269,910
554,M,74,10.38,462,11.03,1111,359,1557
555,F,40,14.0,1355,10.99,1837,775,4159
556,F,57,17.46,1056,9.69,1779,641,3703
557,F,67,12.25,425,11.01,958,333,1436
558,M,42,17.1,85,8.27,273,77,300
559,F,61,17.48,123,10.85,372,116,423
560,F,19,14.92,191,12.03,509,167,593
561,F,55,13.2,281,10.86,746,238,950
562,F,37,16.16,590,12.65,1065,406,1581
563,M,41,13.35,370,9.37,941,283,1326
564,F,72,12.8,746,11.66,1302,542,2216
565,F,55,10.61,186,11.02,465,156,555
566,M,67,14.03,1215,9.29,1979,719,4118
567,F,27,10.78,15,14.91,45,15,45
568,M,40,13.06,1302,9.04,2027,744,4730
569,M,60,14.82,440,8.84,1166,345,1651
570,M,38,13.67,1302,9.13,2051,729,5005
571,F,50,12.32,2443,10.44,2343,1043,7928
572,F,80,12.17,1195,9.47,1687,702,3917
573,F,37,11.0,264,11.72,573,191,736
574,M,69,13.41,617,8.47,1454,441,2325
575,M,68,12.04,1290,8.87,2104,747,4731
576,F,50,13.98,341,10.37,844,267,1149
577,M,84,12.38,605,9.22,1368,434,2097
578,F,78,13.85,1918,11.1,1960,924,5745
579,F,27,10.84,210,10.99,571,179,673
580,M,52,10.26,109,10.93,272,94,302
581,M,64,13.23,641,9.6,1435,500,2198
582,F,84,12.07,644,10.19,1204,426,2202
583,F,57,12.83,1166,11.21,1719,672,3674
584,M,82,16.4,40,8.65,168,39,172
585,M,22,11.79,180,8.06,548,167,667
586,M,70,9.38,76,9.06,256,69,267
587,F,40,13.89,2212,11.08,2187,994,6773
588,M,69,9.39,222,14.06,500,163,613
589,M,51,12.82,617,8.85,1424,468,2331
590,F,40,15.29,706,11.22,1297,520,2122
591,F,34,12.21,151,8.94,455,132,512
592,F,77,12.36,1341,9.88,1739,752,4360
594,F,19,13.22,968,9.7,1823,616,3378
595,F,55,14.53,835,11.31,1457,546,2577
596,F,62,13.88,41,11.61,128,36,135
597,F,25,15.87,440,10.86,984,326,1293
598,F,20,11.42,698,10.23,1364,479,2183
599,F,69,12.33,1243,10.29,1702,715,3969
600,M,53,14.64,637,10.17,1353,436,2187
601,M,47,12.23,437,9.41,1098,348,1554
602,F,61,13.18,358,9.47,829,273,1201
603,M,45,11.79,397,11.66,898,293,1236
604,M,68,11.0,101,11.23,263,92,290
605,M,64,12.43,593,9.5,1404,434,2126
606,F,68,13.42,256,7.51,712,234,921
607,F,76,13.14,135,8.96,377,117,438
608,F,37,13.97,596,9.96,1266,445,2075
609,F,34,15.98,187,8.58,609,169,690
610,M,50,14.71,1561,10.19,2095,844,5294
611,M,82,11.2,190,8.17,663,170,785
612,F,31,11.37,311,10.04,825,250,1075
613,F,75,13.14,1561,10.85,1840,802,4861
614,M,90,10.26,207,10.28,633,178,738
615,M,84,15.71,565,8.69,1483,433,2314
616,F,33,13.41,136,11.12,387,132,417
617,M,87,12.24,320,9.21,905,276,1147
618,F,20,11.82,38,15.14,100,38,101
619,F,59,11.19,250,10.33,679,210,886
620,F,88,10.46,366,10.86,834,288,1165
621,M,73,13.31,3576,9.67,2770,1285,12794
622,M,44,12.79,464,8.49,1185,359,1769
623,F,65,12.96,186,11.43,492,170,605
624,F,23,13.67,598,9.77,1359,424,2077
625,F,28,12.53,248,8.56,718,203,900
626,F,80,12.42,976,9.91,1522,617,3234
627,F,38,12.78,148,9.26,467,134,530
628,F,44,13.82,1978,11.67,2152,949,6160
629,F,58,13.47,420,12.17,873,317,1226
630,M,31,10.37,397,8.57,1030,318,1560
631,F,81,12.66,551,10.91,1067,384,1754
632,M,58,14.66,655,9.36,1410,458,2356
633,M,18,10.76,90,8.28,355,89,388
634,F,32,13.09,1682,9.93,2248,865,5635
635,F,28,9.88,77,14.78,145,67,161
636,F,89,12.64,1400,10.56,1767,738,4593
637,F,81,13.15,2845,11.01,2247,1111,8786
638,M,73,11.27,447,11.1,1046,353,1456
639,F,44,15.72,323,11.96,773,255,1013
640,M,26,10.18,364,9.75,892,285,1256
641,F,90,11.84,776,10.4,1352,504,2463
642,M,59,10.85,343,10.12,866,278,1127
643,F,69,12.73,2240,9.86,2154,1004,7531
644,F,48,15.81,979,10.28,1596,607,3060
645,F,36,18.24,998,9.44,1705,639,3495
646,M,18,12.56,136,10.9,365,124,414
647,F,35,15.19,210,9.19,649,190,785
648,F,33,13.2,868,10.25,1683,566,2894
649,F,52,11.25,94,11.82,232,93,244
650,M,42,10.86,534,9.35,1208,393,1867
651,F,42,11.29,148,11.54,403,132,450
652,M,86,11.59,313,10.0,901,270,1127
653,M,33,11.14,660,10.38,1288,464,2183
654,F,55,15.17,344,11.18,814,263,1106
655,M,81,11.07,684,10.16,1474,483,2335
656,F,78,9.07,77,16.51,173,67,187
657,F,36,15.63,216,8.92,590,195,707
658,F,54,13.19,1760,10.5,2112,920,5834
659,F,32,16.3,77,9.27,263,68,287
660,M,55,15.74,403,8.8,1016,297,1486
661,F,60,11.86,465,10.27,1032,372,1584
662,F,36,14.08,1863,10.55,2137,898,5892
663,F,71,13.65,73,7.69,242,57,279
664,F,60,10.5,102,12.56,260,86,296
665,M,32,11.84,27,9.96,98,27,105
666,M,25,13.77,973,10.11,1580,620,3397
667,F,76,12.89,1855,10.09,2036,908,6310
668,F,50,13.03,1010,10.3,1658,630,3252
669,M,31,12.3,273,9.85,704,230,931
670,F,77,12.28,50,6.33,184,50,198
671,F,90,13.56,620,10.18,1165,401,2051
672,F,77,16.39,416,8.92,940,311,1433
673,F,79,11.35,361,9.55,871,285,1241
674,F,24,13.37,259,10.17,688,219,841
675,F,29,12.15,679,11.05,1373,482,2171
676,M,72,10.29,369,9.22,979,298,1301
677,F,21,15.07,790,11.31,1561,553,2497
678,F,52,15.54,781,11.08,1404,522,2456
679,F,89,12.38,442,8.61,975,335,1484
680,M,75,14.13,1551,9.5,2291,847,5671
681,F,71,15.51,821,9.99,1439,568,2745
682,F,43,15.72,235,10.11,663,216,789
683,F,79,11.43,163,10.42,420,146,507
684,M,48,15.64,706,8.73,1458,465,2606
685,F,88,10.72,502,9.69,1048,371,1623
686,F,87,15.8,777,10.09,1363,521,2589
687,F,74,11.6,728,10.2,1284,483,2321
688,F,52,12.22,255,9.07,697,217,873
689,M,45,10.29,328,10.07,850,267,1138
690,F,60,13.05,826,10.83,1370,543,2591
691,M,27,9.89,650,10.37,1253,464,2153
692,F,81,13.94,739,9.8,1364,543,2474
693,M,28,15.03,145,9.16,415,131,501
694,F,37,11.36,308,10.48,782,256,1001
695,F,29,11.15,786,10.16,1606,519,2684
696,M,78,14.39,725,9.71,1518,516,2538
697,F,21,10.83,561,10.79,1272,440,1829
698,M,41,11.12,624,9.51,1376,453,2375
699,M,86,11.18,155,11.69,398,133,462
700,F,30,8.83,34,12.22,125,34,130
701,M,41,12.16,209,9.84,548,179,649
702,M,63,10.66,434,10.76,1047,346,1408
703,M,84,12.26,1442,9.53,2208,771,5182
704,M,25,12.49,1043,10.26,1660,662,3488
705,F,67,12.9,1972,10.04,2082,916,6640
706,F,26,10.11,212,11.29,599,186,708
707,F,61,13.62,1114,10.1,1656,705,3682
708,F,24,11.43,701,10.43,1360,490,2117
709,M,33,10.38,363,7.94,1034,326,1499
710,M,46,12.8,68,11.49,169,63,177
711,M,56,16.88,20,13.08,47,20,48
712,M,71,10.24,91,8.26,289,89,308
713,M,71,17.17,145,7.26,564,132,639
714,M,84,12.67,553,8.96,1381,409,2133
715,M,32,10.78,392,11.54,907,313,1270
716,M,73,11.26,1169,9.82,2007,682,4220
717,M,61,11.48,208,9.94,640,174,763
718,F,68,13.17,737,11.62,1293,501,2310
719,F,51,15.53,321,12.01,748,258,959
720,F,28,15.38,284,10.14,777,229,990
721,M,66,12.75,2390,9.55,2567,1039,8527
722,M,20,12.62,701,8.28,1464,508,2789
723,F,44,13.82,1261,10.67,1816,681,4002
724,F,59,14.29,2966,9.87,2463,1167,9826
725,F,63,15.0,1017,10.86,1567,624,3299
726,M,67,12.07,1370,9.74,2088,766,4865
727,F,51,13.0,271,11.5,690,214,895
728,F,80,15.07,514,10.08,1038,367,1687
729,F,57,12.15,506,11.26,1068,391,1498
730,M,42,12.44,1071,9.38,1791,645,3702
731,M,44,18.58,58,10.04,220,58,228
732,F,69,16.28,290,12.09,669,225,893
733,F,31,16.34,110,9.53,341,109,367
734,M,36,12.94,1345,9.98,1966,775,4630
735,F,49,10.53,114,10.41,282,107,316
736,M,52,10.12,280,8.73,799,204,1099
737,F,51,13.35,193,10.2,514,171,616
738,F,21,11.12,211,10.14,601,181,717
739,F,69,11.33,339,10.75,747,257,1042
740,M,18,11.7,1285,10.01,1829,731,4488
741,M,43,11.3,199,9.02,609,162,755
742,F,77,14.81,258,8.53,675,228,885
743,M,18,11.59,623,8.16,1390,467,2427
744,F,49,14.33,518,9.76,1161,388,1768
745,F,77,12.88,24,5.84,137,23,143
746,M,61,13.96,219,8.1,703,196,848
747,M,85,12.86,693,8.79,1564,476,2584
748,F,79,12.54,1794,11.2,1930,837,5746
749,M,64,11.65,161,10.03,545,142,633
750,M,76,12.08,126,9.18,410,115,453
751,M,42,13.63,239,8.84,695,208,854
752,M,43,14.08,345,10.56,911,288,1233
753,F,45,12.08,75,14.63,180,62,204
754,F,27,14.47,1273,10.77,1952,747,4106
755,M,43,18.27,279,10.14,760,241,940
756,M,65,11.61,792,9.7,1667,563,2863
757,M,83,19.72,200,9.67,542,179,623
758,M,25,11.17,536,9.33,1196,414,1971
759,M,62,14.78,91,9.07,332,85,364
760,F,51,13.06,162,9.94,484,139,558
761,M,81,13.58,1243,9.94,2019,675,4305
762,F,22,11.67,117,12.39,290,100,333
763,F,36,14.19,1523,10.84,1971,796,4779
764,M,75,11.77,502,7.97,1284,365,1873
765,M,37,12.14,801,9.4,1580,541,2862
766,F,59,23.65,63,10.49,174,56,186
767,M,61,10.91,101,8.06,338,86,373
768,M,29,17.1,105,10.13,314,103,343
769,F,55,13.87,2449,10.87,2341,1026,7778
770,F,18,10.26,184,11.93,534,164,623
771,F,40,13.17,753,11.15,1353,502,2356
772,F,50,13.66,1961,10.73,2109,918,6075
773,F,64,12.6,836,10.49,1378,542,2645
774,F,41,14.4,692,10.36,1349,496,2298
775,M,58,13.74,1578,10.09,2085,817,5395
776,F,79,11.41,648,9.33,1242,454,2239
777,F,56,12.63,116,13.86,290,106,319
778,F,22,13.72,1092,9.78,1887,687,3771
779,F,74,9.6,33,7.17,90,33,95
780,F,44,12.1,366,9.18,928,298,1331
781,F,56,19.37,213,9.8,580,176,716
782,M,27,13.03,402,9.82,1002,333,1449
783,M,36,15.41,1320,9.14,2006,759,4705
784,F,65,13.48,2212,10.53,2136,985,7276
785,F,80,12.92,272,10.73,678,229,868
786,M,72,14.72,239,8.7,739,208,907
787,M,22,9.8,184,9.32,541,166,674
788,F,39,13.16,2038,9.67,2263,943,6825
789,F,32,9.27,169,12.47,425,137,504
790,F,66,19.07,193,7.97,592,168,771
791,M,76,9.72,96,10.7,290,90,308
792,F,54,14.37,1103,10.06,1743,675,3611
793,F,56,16.62,479,11.32,1042,363,1494
794,M,77,12.3,892,10.47,1704,571,3097
795,F,19,11.68,38,6.89,153,33,161
796,M,64,12.57,40,11.65,112,31,124
797,M,68,15.05,480,9.44,1176,359,1671
798,F,50,10.95,414,11.11,913,315,1276
799,M,44,13.64,271,12.07,700,230,867
800,M,76,12.06,1968,9.99,2430,951,6931
801,M,21,11.05,1587,9.97,1975,807,5681
802,F,66,10.74,38,15.73,98,33,105
803,M,72,15.7,670,7.88,1560,469,2590
804,M,86,9.41,105,11.27,301,100,330
805,F,23,12.78,51,11.68,142,51,145
806,M,71,12.75,570,9.86,1326,416,1958
807,F,87,14.91,587,11.65,1053,412,1697
808,M,38,13.24,722,9.81,1566,509,2776
809,F,29,12.6,598,10.4,1308,409,2020
810,F,36,14.76,356,11.19,849,286,1154
811,F,25,12.09,1345,9.98,2078,766,4603
812,F,84,13.92,646,11.91,1093,425,1877
813,F,89,12.34,91,12.15,242,88,265
814,M,37,11.71,320,9.35,860,259,1148
815,F,59,12.77,295,10.67,717,231,916
816,F,41,16.14,458,9.37,1103,346,1661
817,F,74,12.12,137,9.9,442,132,528
818,M,30,14.75,386,9.13,986,324,1439
819,M,20,11.85,66,8.07,227,65,242
820,F,76,14.32,668,11.19,1239,498,2037
821,F,41,17.67,107,14.06,265,87,298
822,M,80,13.19,273,9.6,811,233,1020
823,M,31,12.8,1660,9.68,1982,849,5773
824,F,76,11.56,1670,10.46,1924,864,5271
825,M,64,10.62,15,6.42,80,12,84
826,M,30,10.34,270,8.95,804,232,1072
827,M,79,12.78,1100,9.32,1936,674,3866
828,F,30,12.68,1061,10.14,1823,653,3499
829,F,65,12.53,394,10.91,854,296,1271
830,M,57,16.15,236,10.1,621,191,772
831,M,72,12.32,355,8.46,1028,294,1383
832,F,73,14.27,556,11.86,1025,391,1648
833,F,82,14.64,675,9.46,1245,475,2217
834,M,55,12.85,1003,9.09,1778,647,3676
835,F,39,13.45,275,8.81,734,218,961
836,F,79,13.31,1577,10.29,1889,839,5086
837,F,49,16.09,522,11.55,1099,387,1691
838,F,24,13.07,1854,10.82,2235,897,5737
839,M,44,13.87,846,9.23,1571,559,3010
840,F,53,12.16,1160,11.28,1640,676,3407
841,M,66,19.27,152,10.4,502,137,564
842,F,32,14.73,1099,9.56,1895,640,3690
843,F,62,13.9,572,10.35,1129,429,1833
844,F,51,15.31,365,9.33,948,303,1328
845,F,79,13.73,385,10.9,881,311,1245
846,F,72,12.48,529,11.7,1045,401,1617
847,F,79,12.22,377,9.57,859,312,1274
848,M,26,12.09,537,9.37,1209,403,1998
849,M,21,14.7,798,8.68,1514,566,2866
850,F,42,15.8,902,9.95,1607,596,3034
851,F,48,19.75,146,14.02,370,135,414
852,M,27,12.28,1053,10.12,1661,655,3673
853,F,90,12.8,429,9.85,931,314,1378
854,F,83,12.92,563,9.54,1101,376,1812
855,M,86,12.08,149,9.52,475,144,521
856,M,22,12.95,344,9.69,870,296,1219
857,F,83,14.63,567,10.19,1159,417,1904
858,F,28,13.59,1912,10.39,2358,945,6280
859,F,18,14.4,367,8.8,949,302,1247
860,M,84,8.73,32,8.71,108,32,110
861,F,49,13.3,146,9.1,454,136,518
862,F,25,10.51,41,7.73,113,37,122
863,F,56,13.95,2420,10.92,2343,1011,7746
864,F,62,12.8,70,8.72,259,60,284
865,M,21,10.5,571,9.29,1242,416,2188
866,F,54,13.48,852,10.87,1460,530,2702
867,F,61,11.01,619,9.72,1235,446,2138
868,F,78,19.78,183,13.29,472,150,577
869,M,50,32.1,76,7.56,222,68,246
870,M,61,15.38,287,9.87,771,241,971
871,M,67,19.2,97,10.95,277,86,308
872,F,44,8.36,19,10.84,43,17,45
873,M,78,11.53,17,5.92,99,17,101
874,M,66,10.98,170,9.28,586,156,683
875,F,35,14.05,758,11.0,1342,519,2410
876,F,18,12.46,809,10.49,1627,530,2695
877,F,55,13.35,191,11.71,523,181,608
878,F,65,13.02,1649,10.33,1905,857,5346
879,F,58,11.99,822,10.74,1478,558,2646
880,F,66,13.55,361,10.52,822,299,1155
881,F,23,21.79,8,4.57,10,4,14
882,M,61,13.29,2153,9.48,2482,1024,7639
883,M,60,15.72,502,8.85,1285,356,1885
884,F,59,16.04,540,10.45,1186,427,1779
885,M,53,10.03,103,9.8,324,102,354
886,M,20,12.08,410,10.63,952,338,1373
887,M,84,11.18,522,9.88,1220,405,1756
888,F,89,13.86,327,10.63,798,275,1076
889,F,73,9.07,48,9.26,142,41,158
890,M,66,14.89,527,10.14,1289,410,1911
891,F,80,12.75,440,11.08,948,341,1475
892,M,39,12.33,947,9.52,1717,625,3434
893,F,47,12.77,128,11.87,359,111,422
894,M,24,11.05,959,10.09,1551,611,3334
895,F,22,13.65,781,11.06,1423,511,2363
896,M,75,12.15,803,9.79,1602,517,2717
897,M,71,11.89,605,9.85,1311,443,1970
898,F,86,10.09,31,6.71,92,30,95
899,F,85,11.58,506,11.67,1000,368,1563
900,F,34,11.98,438,11.19,956,327,1265
901,F,74,13.97,734,10.21,1284,480,2410
902,F,83,11.91,34,10.27,121,34,125
903,F,29,8.93,8,11.65,26,8,26
904,M,88,16.71,346,9.84,961,273,1291
905,M,29,12.76,825,9.3,1487,533,2977
906,F,83,8.82,0,0.0,15,0,15
907,F,77,11.89,716,10.37,1267,461,2330
908,F,71,13.43,2003,9.91,2086,896,6692
909,F,29,13.19,1134,10.68,1749,692,3292
910,F,81,12.16,1330,10.36,1779,745,4424
911,F,48,16.06,766,9.34,1488,512,2673
912,M,86,11.29,470,9.95,1135,354,1612
913,M,57,13.82,313,8.48,884,249,1193
914,F,85,10.72,183,11.66,487,179,560
915,F,73,13.21,2424,9.66,2203,1019,8234
916,F,38,13.94,1619,10.37,2047,830,5240
917,F,40,14.7,2476,11.44,2265,1023,7469
918,M,68,11.16,292,8.11,919,249,1182
919,M,26,13.39,58,7.95,227,57,244
920,F,29,15.32,798,10.43,1605,544,2703
921,M,43,10.31,207,9.14,607,189,708
922,F,20,15.75,606,10.55,1293,430,1904
923,F,31,12.12,656,10.95,1399,448,2170
924,F,83,14.48,1989,11.3,1988,879,6087
925,F,43,11.32,169,11.86,389,141,457
926,F,55,16.08,444,12.64,933,348,1302
927,F,46,10.94,152,10.19,467,124,542
928,F,79,12.65,335,8.2,873,278,1239
929,M,38,13.2,479,9.48,1167,390,1711
930,F,34,10.38,168,9.7,499,143,583
931,F,45,17.86,126,10.14,354,120,384
932,M,36,11.69,263,9.29,690,225,854
933,M,43,11.77,1127,10.0,1732,678,3689
934,M,83,15.23,156,9.46,514,136,588
935,F,55,15.72,888,11.43,1473,601,2705
936,M,30,10.45,934,9.91,1549,606,3235
937,M,54,15.18,531,9.26,1201,380,1900
938,F,38,14.83,623,10.6,1239,451,1982
939,F,45,13.65,146,9.55,408,135,463
940,F,29,14.47,392,10.75,983,298,1332
941,M,21,11.37,390,7.86,1035,313,1545
942,F,20,12.36,1634,11.13,2135,832,5028
943,M,57,12.35,36,7.49,131,36,135
944,M,29,11.2,429,9.28,997,359,1482
945,M,25,11.03,295,8.67,792,239,1103
946,F,73,13.65,1192,10.52,1681,704,3940
947,M,56,17.77,341,10.9,817,269,1081
948,F,35,14.56,2050,10.29,2239,970,6725
949,F,55,12.82,143,8.84,441,126,508
950,M,49,13.25,1378,9.71,2000,779,4843
951,M,30,10.4,320,10.07,825,268,1139
952,F,64,11.1,174,11.05,464,145,588
953,F,76,13.59,988,9.83,1544,574,3353
954,M,53,16.25,392,8.56,1089,305,1548
955,M,42,11.83,288,7.71,885,247,1189
956,M,50,10.85,297,9.26,820,255,1066
957,M,18,11.21,556,8.77,1215,418,2067
958,F,55,9.81,212,8.47,580,184,727
959,F,55,9.44,46,16.63,103,41,111
960,M,46,11.98,175,9.55,529,165,601
961,F,51,13.77,688,11.77,1244,499,1996
962,F,52,19.1,194,12.37,519,180,594
963,M,73,11.17,273,10.65,755,241,941
964,F,64,10.05,50,14.63,134,45,142
965,F,72,13.49,1437,10.41,1823,758,4754
966,F,35,15.53,91,7.97,270,84,291
967,M,50,14.18,1164,9.48,1898,692,4173
968,M,61,6.64,1,7.0,3,1,3
969,M,79,11.64,1007,10.36,1797,635,3318
970,F,89,11.89,1756,10.72,2002,873,5680
971,F,48,11.55,614,11.09,1280,455,2000
972,F,69,13.84,1092,10.29,1601,636,3534
973,M,58,23.48,61,9.42,202,54,219
974,F,35,13.92,2787,10.66,2418,1110,8851
975,F,74,17.95,206,8.94,625,191,767
976,F,35,12.12,605,13.37,1144,447,1744
977,F,77,11.79,286,10.29,698,234,929
978,M,44,12.19,170,9.18,521,150,622
979,F,63,13.22,1204,10.6,1690,690,3914
980,F,36,12.22,224,11.07,540,180,665
981,M,42,9.43,31,10.62,99,30,102
982,M,57,13.49,518,10.41,1152,373,1787
983,F,19,12.7,1294,10.62,2006,776,4161
984,M,67,10.63,107,7.63,381,99,427
985,M,58,13.3,538,8.41,1317,422,2107
986,M,65,11.93,298,9.2,843,247,1059
987,F,75,11.46,189,12.0,445,164,522
988,F,84,15.79,149,9.08,454,136,519
989,F,47,13.68,421,9.97,1055,337,1513
990,M,67,8.81,5,8.59,32,5,32
991,M,49,13.19,300,7.86,891,246,1204
992,M,38,13.04,852,10.54,1491,551,2734
993,F,41,11.25,787,11.35,1424,512,2460
994,F,49,15.58,1307,10.47,1869,759,4194
995,F,48,14.28,2873,10.81,2363,1113,8961
996,F,86,12.58,2826,10.69,2310,1092,9264
997,M,36,12.7,932,9.67,1709,603,3365
998,M,80,13.38,118,11.11,327,107,355
999,F,48,13.28,102,6.75,465,99,527
1000,M,41,16.55,125,9.55,372,97,431
